Property Class Name,Period,Slice,As Of,Geography,locality,Market Asking Rent/Unit,Vacancy Rate
Multi-Family,2000 Q1,All,2022 Q3,Richmond - VA - Chesterfield County,Chesterfield County,$815,4.1%
Multi-Family,2000 Q2,All,2022 Q3,Richmond - VA - Chesterfield County,Chesterfield County,$822,3.9%
Multi-Family,2000 Q3,All,2022 Q3,Richmond - VA - Chesterfield County,Chesterfield County,$828,3.9%
Multi-Family,2000 Q4,All,2022 Q3,Richmond - VA - Chesterfield County,Chesterfield County,$833,4.1%
Multi-Family,2001 Q1,All,2022 Q3,Richmond - VA - Chesterfield County,Chesterfield County,$840,4.8%
Multi-Family,2001 Q2,All,2022 Q3,Richmond - VA - Chesterfield County,Chesterfield County,$861,5.1%
Multi-Family,2001 Q3,All,2022 Q3,Richmond - VA - Chesterfield County,Chesterfield County,$879,5.2%
Multi-Family,2001 Q4,All,2022 Q3,Richmond - VA - Chesterfield County,Chesterfield County,$902,5.1%
Multi-Family,2002 Q1,All,2022 Q3,Richmond - VA - Chesterfield County,Chesterfield County,$910,5.0%
Multi-Family,2002 Q2,All,2022 Q3,Richmond - VA - Chesterfield County,Chesterfield County,$905,5.0%
Multi-Family,2002 Q3,All,2022 Q3,Richmond - VA - Chesterfield County,Chesterfield County,$892,4.9%
Multi-Family,2002 Q4,All,2022 Q3,Richmond - VA - Chesterfield County,Chesterfield County,$897,6.0%
Multi-Family,2003 Q1,All,2022 Q3,Richmond - VA - Chesterfield County,Chesterfield County,$897,6.3%
Multi-Family,2003 Q2,All,2022 Q3,Richmond - VA - Chesterfield County,Chesterfield County,$894,6.6%
Multi-Family,2003 Q3,All,2022 Q3,Richmond - VA - Chesterfield County,Chesterfield County,$886,7.0%
Multi-Family,2003 Q4,All,2022 Q3,Richmond - VA - Chesterfield County,Chesterfield County,$877,7.3%
Multi-Family,2004 Q1,All,2022 Q3,Richmond - VA - Chesterfield County,Chesterfield County,$876,7.5%
Multi-Family,2004 Q2,All,2022 Q3,Richmond - VA - Chesterfield County,Chesterfield County,$888,7.3%
Multi-Family,2004 Q3,All,2022 Q3,Richmond - VA - Chesterfield County,Chesterfield County,$894,7.4%
Multi-Family,2004 Q4,All,2022 Q3,Richmond - VA - Chesterfield County,Chesterfield County,$889,7.6%
Multi-Family,2005 Q1,All,2022 Q3,Richmond - VA - Chesterfield County,Chesterfield County,$889,7.5%
Multi-Family,2005 Q2,All,2022 Q3,Richmond - VA - Chesterfield County,Chesterfield County,$898,7.5%
Multi-Family,2005 Q3,All,2022 Q3,Richmond - VA - Chesterfield County,Chesterfield County,$904,7.3%
Multi-Family,2005 Q4,All,2022 Q3,Richmond - VA - Chesterfield County,Chesterfield County,$906,6.8%
Multi-Family,2006 Q1,All,2022 Q3,Richmond - VA - Chesterfield County,Chesterfield County,$915,7.7%
Multi-Family,2006 Q2,All,2022 Q3,Richmond - VA - Chesterfield County,Chesterfield County,$931,6.8%
Multi-Family,2006 Q3,All,2022 Q3,Richmond - VA - Chesterfield County,Chesterfield County,$940,6.0%
Multi-Family,2006 Q4,All,2022 Q3,Richmond - VA - Chesterfield County,Chesterfield County,$944,5.7%
Multi-Family,2007 Q1,All,2022 Q3,Richmond - VA - Chesterfield County,Chesterfield County,$950,5.5%
Multi-Family,2007 Q2,All,2022 Q3,Richmond - VA - Chesterfield County,Chesterfield County,$960,5.4%
Multi-Family,2007 Q3,All,2022 Q3,Richmond - VA - Chesterfield County,Chesterfield County,$964,5.2%
Multi-Family,2007 Q4,All,2022 Q3,Richmond - VA - Chesterfield County,Chesterfield County,$962,5.2%
Multi-Family,2008 Q1,All,2022 Q3,Richmond - VA - Chesterfield County,Chesterfield County,$965,5.2%
Multi-Family,2008 Q2,All,2022 Q3,Richmond - VA - Chesterfield County,Chesterfield County,$969,5.2%
Multi-Family,2008 Q3,All,2022 Q3,Richmond - VA - Chesterfield County,Chesterfield County,$968,5.5%
Multi-Family,2008 Q4,All,2022 Q3,Richmond - VA - Chesterfield County,Chesterfield County,$961,7.3%
Multi-Family,2009 Q1,All,2022 Q3,Richmond - VA - Chesterfield County,Chesterfield County,$953,7.0%
Multi-Family,2009 Q2,All,2022 Q3,Richmond - VA - Chesterfield County,Chesterfield County,$960,6.9%
Multi-Family,2009 Q3,All,2022 Q3,Richmond - VA - Chesterfield County,Chesterfield County,$960,6.6%
Multi-Family,2009 Q4,All,2022 Q3,Richmond - VA - Chesterfield County,Chesterfield County,$954,6.4%
Multi-Family,2010 Q1,All,2022 Q3,Richmond - VA - Chesterfield County,Chesterfield County,$954,6.5%
Multi-Family,2010 Q2,All,2022 Q3,Richmond - VA - Chesterfield County,Chesterfield County,$960,6.6%
Multi-Family,2010 Q3,All,2022 Q3,Richmond - VA - Chesterfield County,Chesterfield County,$959,7.2%
Multi-Family,2010 Q4,All,2022 Q3,Richmond - VA - Chesterfield County,Chesterfield County,$941,8.8%
Multi-Family,2011 Q1,All,2022 Q3,Richmond - VA - Chesterfield County,Chesterfield County,$935,9.0%
Multi-Family,2011 Q2,All,2022 Q3,Richmond - VA - Chesterfield County,Chesterfield County,$935,9.0%
Multi-Family,2011 Q3,All,2022 Q3,Richmond - VA - Chesterfield County,Chesterfield County,$936,10.0%
Multi-Family,2011 Q4,All,2022 Q3,Richmond - VA - Chesterfield County,Chesterfield County,$942,9.9%
Multi-Family,2012 Q1,All,2022 Q3,Richmond - VA - Chesterfield County,Chesterfield County,$946,9.9%
Multi-Family,2012 Q2,All,2022 Q3,Richmond - VA - Chesterfield County,Chesterfield County,$950,9.7%
Multi-Family,2012 Q3,All,2022 Q3,Richmond - VA - Chesterfield County,Chesterfield County,$952,9.7%
Multi-Family,2012 Q4,All,2022 Q3,Richmond - VA - Chesterfield County,Chesterfield County,$955,9.7%
Multi-Family,2013 Q1,All,2022 Q3,Richmond - VA - Chesterfield County,Chesterfield County,$961,11.1%
Multi-Family,2013 Q2,All,2022 Q3,Richmond - VA - Chesterfield County,Chesterfield County,$968,10.6%
Multi-Family,2013 Q3,All,2022 Q3,Richmond - VA - Chesterfield County,Chesterfield County,$974,10.2%
Multi-Family,2013 Q4,All,2022 Q3,Richmond - VA - Chesterfield County,Chesterfield County,$982,9.3%
Multi-Family,2014 Q1,All,2022 Q3,Richmond - VA - Chesterfield County,Chesterfield County,$988,9.5%
Multi-Family,2014 Q2,All,2022 Q3,Richmond - VA - Chesterfield County,Chesterfield County,$996,8.6%
Multi-Family,2014 Q3,All,2022 Q3,Richmond - VA - Chesterfield County,Chesterfield County,"$1,004",7.7%
Multi-Family,2014 Q4,All,2022 Q3,Richmond - VA - Chesterfield County,Chesterfield County,"$1,006",7.9%
Multi-Family,2015 Q1,All,2022 Q3,Richmond - VA - Chesterfield County,Chesterfield County,"$1,022",7.8%
Multi-Family,2015 Q2,All,2022 Q3,Richmond - VA - Chesterfield County,Chesterfield County,"$1,036",6.7%
Multi-Family,2015 Q3,All,2022 Q3,Richmond - VA - Chesterfield County,Chesterfield County,"$1,043",4.9%
Multi-Family,2015 Q4,All,2022 Q3,Richmond - VA - Chesterfield County,Chesterfield County,"$1,044",5.0%
Multi-Family,2016 Q1,All,2022 Q3,Richmond - VA - Chesterfield County,Chesterfield County,"$1,060",5.2%
Multi-Family,2016 Q2,All,2022 Q3,Richmond - VA - Chesterfield County,Chesterfield County,"$1,061",8.2%
Multi-Family,2016 Q3,All,2022 Q3,Richmond - VA - Chesterfield County,Chesterfield County,"$1,060",8.1%
Multi-Family,2016 Q4,All,2022 Q3,Richmond - VA - Chesterfield County,Chesterfield County,"$1,068",7.4%
Multi-Family,2017 Q1,All,2022 Q3,Richmond - VA - Chesterfield County,Chesterfield County,"$1,086",8.5%
Multi-Family,2017 Q2,All,2022 Q3,Richmond - VA - Chesterfield County,Chesterfield County,"$1,089",8.1%
Multi-Family,2017 Q3,All,2022 Q3,Richmond - VA - Chesterfield County,Chesterfield County,"$1,108",8.3%
Multi-Family,2017 Q4,All,2022 Q3,Richmond - VA - Chesterfield County,Chesterfield County,"$1,105",9.5%
Multi-Family,2018 Q1,All,2022 Q3,Richmond - VA - Chesterfield County,Chesterfield County,"$1,131",8.5%
Multi-Family,2018 Q2,All,2022 Q3,Richmond - VA - Chesterfield County,Chesterfield County,"$1,148",7.1%
Multi-Family,2018 Q3,All,2022 Q3,Richmond - VA - Chesterfield County,Chesterfield County,"$1,152",5.6%
Multi-Family,2018 Q4,All,2022 Q3,Richmond - VA - Chesterfield County,Chesterfield County,"$1,145",5.8%
Multi-Family,2019 Q1,All,2022 Q3,Richmond - VA - Chesterfield County,Chesterfield County,"$1,173",7.6%
Multi-Family,2019 Q2,All,2022 Q3,Richmond - VA - Chesterfield County,Chesterfield County,"$1,184",7.6%
Multi-Family,2019 Q3,All,2022 Q3,Richmond - VA - Chesterfield County,Chesterfield County,"$1,187",7.4%
Multi-Family,2019 Q4,All,2022 Q3,Richmond - VA - Chesterfield County,Chesterfield County,"$1,183",7.8%
Multi-Family,2020 Q1,All,2022 Q3,Richmond - VA - Chesterfield County,Chesterfield County,"$1,199",6.9%
Multi-Family,2020 Q2,All,2022 Q3,Richmond - VA - Chesterfield County,Chesterfield County,"$1,234",4.4%
Multi-Family,2020 Q3,All,2022 Q3,Richmond - VA - Chesterfield County,Chesterfield County,"$1,259",6.3%
Multi-Family,2020 Q4,All,2022 Q3,Richmond - VA - Chesterfield County,Chesterfield County,"$1,273",10.2%
Multi-Family,2021 Q1,All,2022 Q3,Richmond - VA - Chesterfield County,Chesterfield County,"$1,320",10.3%
Multi-Family,2021 Q2,All,2022 Q3,Richmond - VA - Chesterfield County,Chesterfield County,"$1,395",6.8%
Multi-Family,2021 Q3,All,2022 Q3,Richmond - VA - Chesterfield County,Chesterfield County,"$1,430",5.5%
Multi-Family,2021 Q4,All,2022 Q3,Richmond - VA - Chesterfield County,Chesterfield County,"$1,430",5.7%
Multi-Family,2022 Q1,All,2022 Q3,Richmond - VA - Chesterfield County,Chesterfield County,"$1,469",4.6%
Multi-Family,2022 Q2,All,2022 Q3,Richmond - VA - Chesterfield County,Chesterfield County,"$1,493",5.7%
Multi-Family,2022 Q3,All,2022 Q3,Richmond - VA - Chesterfield County,Chesterfield County,"$1,505",6.2%
Multi-Family,2000 Q1,All,2022 Q3,Richmond - VA - Downtown Richmond,Richmond City,$927,5.3%
Multi-Family,2000 Q2,All,2022 Q3,Richmond - VA - Downtown Richmond,Richmond City,$935,5.2%
Multi-Family,2000 Q3,All,2022 Q3,Richmond - VA - Downtown Richmond,Richmond City,$942,5.1%
Multi-Family,2000 Q4,All,2022 Q3,Richmond - VA - Downtown Richmond,Richmond City,$948,5.3%
Multi-Family,2001 Q1,All,2022 Q3,Richmond - VA - Downtown Richmond,Richmond City,$951,5.7%
Multi-Family,2001 Q2,All,2022 Q3,Richmond - VA - Downtown Richmond,Richmond City,$962,6.0%
Multi-Family,2001 Q3,All,2022 Q3,Richmond - VA - Downtown Richmond,Richmond City,$977,6.1%
Multi-Family,2001 Q4,All,2022 Q3,Richmond - VA - Downtown Richmond,Richmond City,$989,6.1%
Multi-Family,2002 Q1,All,2022 Q3,Richmond - VA - Downtown Richmond,Richmond City,$982,6.1%
Multi-Family,2002 Q2,All,2022 Q3,Richmond - VA - Downtown Richmond,Richmond City,$983,6.1%
Multi-Family,2002 Q3,All,2022 Q3,Richmond - VA - Downtown Richmond,Richmond City,$983,6.3%
Multi-Family,2002 Q4,All,2022 Q3,Richmond - VA - Downtown Richmond,Richmond City,$991,6.6%
Multi-Family,2003 Q1,All,2022 Q3,Richmond - VA - Downtown Richmond,Richmond City,"$1,003",7.1%
Multi-Family,2003 Q2,All,2022 Q3,Richmond - VA - Downtown Richmond,Richmond City,"$1,007",7.6%
Multi-Family,2003 Q3,All,2022 Q3,Richmond - VA - Downtown Richmond,Richmond City,$995,8.0%
Multi-Family,2003 Q4,All,2022 Q3,Richmond - VA - Downtown Richmond,Richmond City,$994,8.3%
Multi-Family,2004 Q1,All,2022 Q3,Richmond - VA - Downtown Richmond,Richmond City,"$1,004",8.5%
Multi-Family,2004 Q2,All,2022 Q3,Richmond - VA - Downtown Richmond,Richmond City,"$1,012",8.6%
Multi-Family,2004 Q3,All,2022 Q3,Richmond - VA - Downtown Richmond,Richmond City,"$1,014",8.6%
Multi-Family,2004 Q4,All,2022 Q3,Richmond - VA - Downtown Richmond,Richmond City,"$1,014",8.5%
Multi-Family,2005 Q1,All,2022 Q3,Richmond - VA - Downtown Richmond,Richmond City,"$1,022",8.4%
Multi-Family,2005 Q2,All,2022 Q3,Richmond - VA - Downtown Richmond,Richmond City,"$1,031",8.4%
Multi-Family,2005 Q3,All,2022 Q3,Richmond - VA - Downtown Richmond,Richmond City,"$1,034",8.4%
Multi-Family,2005 Q4,All,2022 Q3,Richmond - VA - Downtown Richmond,Richmond City,"$1,035",8.3%
Multi-Family,2006 Q1,All,2022 Q3,Richmond - VA - Downtown Richmond,Richmond City,"$1,045",8.2%
Multi-Family,2006 Q2,All,2022 Q3,Richmond - VA - Downtown Richmond,Richmond City,"$1,062",8.0%
Multi-Family,2006 Q3,All,2022 Q3,Richmond - VA - Downtown Richmond,Richmond City,"$1,071",7.7%
Multi-Family,2006 Q4,All,2022 Q3,Richmond - VA - Downtown Richmond,Richmond City,"$1,075",7.6%
Multi-Family,2007 Q1,All,2022 Q3,Richmond - VA - Downtown Richmond,Richmond City,"$1,085",7.4%
Multi-Family,2007 Q2,All,2022 Q3,Richmond - VA - Downtown Richmond,Richmond City,"$1,099",7.3%
Multi-Family,2007 Q3,All,2022 Q3,Richmond - VA - Downtown Richmond,Richmond City,"$1,106",7.2%
Multi-Family,2007 Q4,All,2022 Q3,Richmond - VA - Downtown Richmond,Richmond City,"$1,109",7.3%
Multi-Family,2008 Q1,All,2022 Q3,Richmond - VA - Downtown Richmond,Richmond City,"$1,117",7.4%
Multi-Family,2008 Q2,All,2022 Q3,Richmond - VA - Downtown Richmond,Richmond City,"$1,134",7.6%
Multi-Family,2008 Q3,All,2022 Q3,Richmond - VA - Downtown Richmond,Richmond City,"$1,146",7.6%
Multi-Family,2008 Q4,All,2022 Q3,Richmond - VA - Downtown Richmond,Richmond City,"$1,142",7.5%
Multi-Family,2009 Q1,All,2022 Q3,Richmond - VA - Downtown Richmond,Richmond City,"$1,132",7.3%
Multi-Family,2009 Q2,All,2022 Q3,Richmond - VA - Downtown Richmond,Richmond City,"$1,142",7.1%
Multi-Family,2009 Q3,All,2022 Q3,Richmond - VA - Downtown Richmond,Richmond City,"$1,147",7.0%
Multi-Family,2009 Q4,All,2022 Q3,Richmond - VA - Downtown Richmond,Richmond City,"$1,141",7.3%
Multi-Family,2010 Q1,All,2022 Q3,Richmond - VA - Downtown Richmond,Richmond City,"$1,138",7.5%
Multi-Family,2010 Q2,All,2022 Q3,Richmond - VA - Downtown Richmond,Richmond City,"$1,134",7.8%
Multi-Family,2010 Q3,All,2022 Q3,Richmond - VA - Downtown Richmond,Richmond City,"$1,119",8.1%
Multi-Family,2010 Q4,All,2022 Q3,Richmond - VA - Downtown Richmond,Richmond City,"$1,106",8.6%
Multi-Family,2011 Q1,All,2022 Q3,Richmond - VA - Downtown Richmond,Richmond City,"$1,105",8.7%
Multi-Family,2011 Q2,All,2022 Q3,Richmond - VA - Downtown Richmond,Richmond City,"$1,106",8.7%
Multi-Family,2011 Q3,All,2022 Q3,Richmond - VA - Downtown Richmond,Richmond City,"$1,109",8.7%
Multi-Family,2011 Q4,All,2022 Q3,Richmond - VA - Downtown Richmond,Richmond City,"$1,112",8.7%
Multi-Family,2012 Q1,All,2022 Q3,Richmond - VA - Downtown Richmond,Richmond City,"$1,115",9.1%
Multi-Family,2012 Q2,All,2022 Q3,Richmond - VA - Downtown Richmond,Richmond City,"$1,119",9.2%
Multi-Family,2012 Q3,All,2022 Q3,Richmond - VA - Downtown Richmond,Richmond City,"$1,123",9.2%
Multi-Family,2012 Q4,All,2022 Q3,Richmond - VA - Downtown Richmond,Richmond City,"$1,130",10.5%
Multi-Family,2013 Q1,All,2022 Q3,Richmond - VA - Downtown Richmond,Richmond City,"$1,130",10.4%
Multi-Family,2013 Q2,All,2022 Q3,Richmond - VA - Downtown Richmond,Richmond City,"$1,133",9.6%
Multi-Family,2013 Q3,All,2022 Q3,Richmond - VA - Downtown Richmond,Richmond City,"$1,141",9.7%
Multi-Family,2013 Q4,All,2022 Q3,Richmond - VA - Downtown Richmond,Richmond City,"$1,143",9.5%
Multi-Family,2014 Q1,All,2022 Q3,Richmond - VA - Downtown Richmond,Richmond City,"$1,146",9.3%
Multi-Family,2014 Q2,All,2022 Q3,Richmond - VA - Downtown Richmond,Richmond City,"$1,145",8.9%
Multi-Family,2014 Q3,All,2022 Q3,Richmond - VA - Downtown Richmond,Richmond City,"$1,145",9.7%
Multi-Family,2014 Q4,All,2022 Q3,Richmond - VA - Downtown Richmond,Richmond City,"$1,148",9.3%
Multi-Family,2015 Q1,All,2022 Q3,Richmond - VA - Downtown Richmond,Richmond City,"$1,160",10.7%
Multi-Family,2015 Q2,All,2022 Q3,Richmond - VA - Downtown Richmond,Richmond City,"$1,172",11.0%
Multi-Family,2015 Q3,All,2022 Q3,Richmond - VA - Downtown Richmond,Richmond City,"$1,180",10.2%
Multi-Family,2015 Q4,All,2022 Q3,Richmond - VA - Downtown Richmond,Richmond City,"$1,188",9.5%
Multi-Family,2016 Q1,All,2022 Q3,Richmond - VA - Downtown Richmond,Richmond City,"$1,196",10.1%
Multi-Family,2016 Q2,All,2022 Q3,Richmond - VA - Downtown Richmond,Richmond City,"$1,205",10.1%
Multi-Family,2016 Q3,All,2022 Q3,Richmond - VA - Downtown Richmond,Richmond City,"$1,213",7.9%
Multi-Family,2016 Q4,All,2022 Q3,Richmond - VA - Downtown Richmond,Richmond City,"$1,215",6.8%
Multi-Family,2017 Q1,All,2022 Q3,Richmond - VA - Downtown Richmond,Richmond City,"$1,220",9.9%
Multi-Family,2017 Q2,All,2022 Q3,Richmond - VA - Downtown Richmond,Richmond City,"$1,225",7.9%
Multi-Family,2017 Q3,All,2022 Q3,Richmond - VA - Downtown Richmond,Richmond City,"$1,230",6.3%
Multi-Family,2017 Q4,All,2022 Q3,Richmond - VA - Downtown Richmond,Richmond City,"$1,236",7.2%
Multi-Family,2018 Q1,All,2022 Q3,Richmond - VA - Downtown Richmond,Richmond City,"$1,243",6.4%
Multi-Family,2018 Q2,All,2022 Q3,Richmond - VA - Downtown Richmond,Richmond City,"$1,251",6.5%
Multi-Family,2018 Q3,All,2022 Q3,Richmond - VA - Downtown Richmond,Richmond City,"$1,254",5.5%
Multi-Family,2018 Q4,All,2022 Q3,Richmond - VA - Downtown Richmond,Richmond City,"$1,261",5.6%
Multi-Family,2019 Q1,All,2022 Q3,Richmond - VA - Downtown Richmond,Richmond City,"$1,272",5.6%
Multi-Family,2019 Q2,All,2022 Q3,Richmond - VA - Downtown Richmond,Richmond City,"$1,281",4.7%
Multi-Family,2019 Q3,All,2022 Q3,Richmond - VA - Downtown Richmond,Richmond City,"$1,283",4.4%
Multi-Family,2019 Q4,All,2022 Q3,Richmond - VA - Downtown Richmond,Richmond City,"$1,286",7.5%
Multi-Family,2020 Q1,All,2022 Q3,Richmond - VA - Downtown Richmond,Richmond City,"$1,300",6.1%
Multi-Family,2020 Q2,All,2022 Q3,Richmond - VA - Downtown Richmond,Richmond City,"$1,303",6.9%
Multi-Family,2020 Q3,All,2022 Q3,Richmond - VA - Downtown Richmond,Richmond City,"$1,301",8.1%
Multi-Family,2020 Q4,All,2022 Q3,Richmond - VA - Downtown Richmond,Richmond City,"$1,298",8.6%
Multi-Family,2021 Q1,All,2022 Q3,Richmond - VA - Downtown Richmond,Richmond City,"$1,318",5.3%
Multi-Family,2021 Q2,All,2022 Q3,Richmond - VA - Downtown Richmond,Richmond City,"$1,347",3.8%
Multi-Family,2021 Q3,All,2022 Q3,Richmond - VA - Downtown Richmond,Richmond City,"$1,362",5.0%
Multi-Family,2021 Q4,All,2022 Q3,Richmond - VA - Downtown Richmond,Richmond City,"$1,377",4.9%
Multi-Family,2022 Q1,All,2022 Q3,Richmond - VA - Downtown Richmond,Richmond City,"$1,409",5.2%
Multi-Family,2022 Q2,All,2022 Q3,Richmond - VA - Downtown Richmond,Richmond City,"$1,442",4.5%
Multi-Family,2022 Q3,All,2022 Q3,Richmond - VA - Downtown Richmond,Richmond City,"$1,455",7.7%
Multi-Family,2000 Q1,All,2022 Q3,Richmond - VA - East End,Richmond City,$859,5.2%
Multi-Family,2000 Q2,All,2022 Q3,Richmond - VA - East End,Richmond City,$866,5.1%
Multi-Family,2000 Q3,All,2022 Q3,Richmond - VA - East End,Richmond City,$873,5.0%
Multi-Family,2000 Q4,All,2022 Q3,Richmond - VA - East End,Richmond City,$878,5.2%
Multi-Family,2001 Q1,All,2022 Q3,Richmond - VA - East End,Richmond City,$880,5.6%
Multi-Family,2001 Q2,All,2022 Q3,Richmond - VA - East End,Richmond City,$880,5.9%
Multi-Family,2001 Q3,All,2022 Q3,Richmond - VA - East End,Richmond City,$868,6.0%
Multi-Family,2001 Q4,All,2022 Q3,Richmond - VA - East End,Richmond City,$856,6.0%
Multi-Family,2002 Q1,All,2022 Q3,Richmond - VA - East End,Richmond City,$858,5.9%
Multi-Family,2002 Q2,All,2022 Q3,Richmond - VA - East End,Richmond City,$867,5.9%
Multi-Family,2002 Q3,All,2022 Q3,Richmond - VA - East End,Richmond City,$882,6.1%
Multi-Family,2002 Q4,All,2022 Q3,Richmond - VA - East End,Richmond City,$869,6.4%
Multi-Family,2003 Q1,All,2022 Q3,Richmond - VA - East End,Richmond City,$903,7.3%
Multi-Family,2003 Q2,All,2022 Q3,Richmond - VA - East End,Richmond City,$929,7.6%
Multi-Family,2003 Q3,All,2022 Q3,Richmond - VA - East End,Richmond City,$931,8.0%
Multi-Family,2003 Q4,All,2022 Q3,Richmond - VA - East End,Richmond City,$934,8.3%
Multi-Family,2004 Q1,All,2022 Q3,Richmond - VA - East End,Richmond City,$943,8.5%
Multi-Family,2004 Q2,All,2022 Q3,Richmond - VA - East End,Richmond City,$954,8.5%
Multi-Family,2004 Q3,All,2022 Q3,Richmond - VA - East End,Richmond City,$957,8.3%
Multi-Family,2004 Q4,All,2022 Q3,Richmond - VA - East End,Richmond City,$957,8.2%
Multi-Family,2005 Q1,All,2022 Q3,Richmond - VA - East End,Richmond City,$965,8.3%
Multi-Family,2005 Q2,All,2022 Q3,Richmond - VA - East End,Richmond City,$975,8.2%
Multi-Family,2005 Q3,All,2022 Q3,Richmond - VA - East End,Richmond City,$983,8.2%
Multi-Family,2005 Q4,All,2022 Q3,Richmond - VA - East End,Richmond City,$987,8.2%
Multi-Family,2006 Q1,All,2022 Q3,Richmond - VA - East End,Richmond City,$999,8.4%
Multi-Family,2006 Q2,All,2022 Q3,Richmond - VA - East End,Richmond City,"$1,016",8.1%
Multi-Family,2006 Q3,All,2022 Q3,Richmond - VA - East End,Richmond City,"$1,026",7.7%
Multi-Family,2006 Q4,All,2022 Q3,Richmond - VA - East End,Richmond City,"$1,031",7.5%
Multi-Family,2007 Q1,All,2022 Q3,Richmond - VA - East End,Richmond City,"$1,040",7.3%
Multi-Family,2007 Q2,All,2022 Q3,Richmond - VA - East End,Richmond City,"$1,052",7.2%
Multi-Family,2007 Q3,All,2022 Q3,Richmond - VA - East End,Richmond City,"$1,056",7.1%
Multi-Family,2007 Q4,All,2022 Q3,Richmond - VA - East End,Richmond City,"$1,053",7.1%
Multi-Family,2008 Q1,All,2022 Q3,Richmond - VA - East End,Richmond City,"$1,055",7.2%
Multi-Family,2008 Q2,All,2022 Q3,Richmond - VA - East End,Richmond City,"$1,065",7.4%
Multi-Family,2008 Q3,All,2022 Q3,Richmond - VA - East End,Richmond City,"$1,069",7.4%
Multi-Family,2008 Q4,All,2022 Q3,Richmond - VA - East End,Richmond City,"$1,065",7.4%
Multi-Family,2009 Q1,All,2022 Q3,Richmond - VA - East End,Richmond City,"$1,062",7.2%
Multi-Family,2009 Q2,All,2022 Q3,Richmond - VA - East End,Richmond City,"$1,062",7.1%
Multi-Family,2009 Q3,All,2022 Q3,Richmond - VA - East End,Richmond City,"$1,059",7.0%
Multi-Family,2009 Q4,All,2022 Q3,Richmond - VA - East End,Richmond City,"$1,048",7.0%
Multi-Family,2010 Q1,All,2022 Q3,Richmond - VA - East End,Richmond City,"$1,043",7.3%
Multi-Family,2010 Q2,All,2022 Q3,Richmond - VA - East End,Richmond City,"$1,040",7.8%
Multi-Family,2010 Q3,All,2022 Q3,Richmond - VA - East End,Richmond City,"$1,030",8.2%
Multi-Family,2010 Q4,All,2022 Q3,Richmond - VA - East End,Richmond City,"$1,024",8.6%
Multi-Family,2011 Q1,All,2022 Q3,Richmond - VA - East End,Richmond City,"$1,025",11.3%
Multi-Family,2011 Q2,All,2022 Q3,Richmond - VA - East End,Richmond City,"$1,026",10.5%
Multi-Family,2011 Q3,All,2022 Q3,Richmond - VA - East End,Richmond City,"$1,029",10.5%
Multi-Family,2011 Q4,All,2022 Q3,Richmond - VA - East End,Richmond City,"$1,031",14.6%
Multi-Family,2012 Q1,All,2022 Q3,Richmond - VA - East End,Richmond City,"$1,033",9.3%
Multi-Family,2012 Q2,All,2022 Q3,Richmond - VA - East End,Richmond City,"$1,037",9.0%
Multi-Family,2012 Q3,All,2022 Q3,Richmond - VA - East End,Richmond City,"$1,042",9.0%
Multi-Family,2012 Q4,All,2022 Q3,Richmond - VA - East End,Richmond City,"$1,046",8.7%
Multi-Family,2013 Q1,All,2022 Q3,Richmond - VA - East End,Richmond City,"$1,052",8.0%
Multi-Family,2013 Q2,All,2022 Q3,Richmond - VA - East End,Richmond City,"$1,062",7.3%
Multi-Family,2013 Q3,All,2022 Q3,Richmond - VA - East End,Richmond City,"$1,068",7.6%
Multi-Family,2013 Q4,All,2022 Q3,Richmond - VA - East End,Richmond City,"$1,071",7.1%
Multi-Family,2014 Q1,All,2022 Q3,Richmond - VA - East End,Richmond City,"$1,073",7.5%
Multi-Family,2014 Q2,All,2022 Q3,Richmond - VA - East End,Richmond City,"$1,077",6.5%
Multi-Family,2014 Q3,All,2022 Q3,Richmond - VA - East End,Richmond City,"$1,085",6.4%
Multi-Family,2014 Q4,All,2022 Q3,Richmond - VA - East End,Richmond City,"$1,092",7.2%
Multi-Family,2015 Q1,All,2022 Q3,Richmond - VA - East End,Richmond City,"$1,100",9.9%
Multi-Family,2015 Q2,All,2022 Q3,Richmond - VA - East End,Richmond City,"$1,115",10.8%
Multi-Family,2015 Q3,All,2022 Q3,Richmond - VA - East End,Richmond City,"$1,110",10.0%
Multi-Family,2015 Q4,All,2022 Q3,Richmond - VA - East End,Richmond City,"$1,109",9.4%
Multi-Family,2016 Q1,All,2022 Q3,Richmond - VA - East End,Richmond City,"$1,120",8.2%
Multi-Family,2016 Q2,All,2022 Q3,Richmond - VA - East End,Richmond City,"$1,133",7.6%
Multi-Family,2016 Q3,All,2022 Q3,Richmond - VA - East End,Richmond City,"$1,137",7.5%
Multi-Family,2016 Q4,All,2022 Q3,Richmond - VA - East End,Richmond City,"$1,147",6.3%
Multi-Family,2017 Q1,All,2022 Q3,Richmond - VA - East End,Richmond City,"$1,146",7.4%
Multi-Family,2017 Q2,All,2022 Q3,Richmond - VA - East End,Richmond City,"$1,165",9.9%
Multi-Family,2017 Q3,All,2022 Q3,Richmond - VA - East End,Richmond City,"$1,156",8.1%
Multi-Family,2017 Q4,All,2022 Q3,Richmond - VA - East End,Richmond City,"$1,147",8.0%
Multi-Family,2018 Q1,All,2022 Q3,Richmond - VA - East End,Richmond City,"$1,155",10.7%
Multi-Family,2018 Q2,All,2022 Q3,Richmond - VA - East End,Richmond City,"$1,171",8.4%
Multi-Family,2018 Q3,All,2022 Q3,Richmond - VA - East End,Richmond City,"$1,177",6.4%
Multi-Family,2018 Q4,All,2022 Q3,Richmond - VA - East End,Richmond City,"$1,177",13.2%
Multi-Family,2019 Q1,All,2022 Q3,Richmond - VA - East End,Richmond City,"$1,176",11.6%
Multi-Family,2019 Q2,All,2022 Q3,Richmond - VA - East End,Richmond City,"$1,200",8.0%
Multi-Family,2019 Q3,All,2022 Q3,Richmond - VA - East End,Richmond City,"$1,199",7.6%
Multi-Family,2019 Q4,All,2022 Q3,Richmond - VA - East End,Richmond City,"$1,198",6.7%
Multi-Family,2020 Q1,All,2022 Q3,Richmond - VA - East End,Richmond City,"$1,200",9.5%
Multi-Family,2020 Q2,All,2022 Q3,Richmond - VA - East End,Richmond City,"$1,221",8.8%
Multi-Family,2020 Q3,All,2022 Q3,Richmond - VA - East End,Richmond City,"$1,229",9.3%
Multi-Family,2020 Q4,All,2022 Q3,Richmond - VA - East End,Richmond City,"$1,223",7.9%
Multi-Family,2021 Q1,All,2022 Q3,Richmond - VA - East End,Richmond City,"$1,221",7.2%
Multi-Family,2021 Q2,All,2022 Q3,Richmond - VA - East End,Richmond City,"$1,262",5.2%
Multi-Family,2021 Q3,All,2022 Q3,Richmond - VA - East End,Richmond City,"$1,289",4.6%
Multi-Family,2021 Q4,All,2022 Q3,Richmond - VA - East End,Richmond City,"$1,307",6.8%
Multi-Family,2022 Q1,All,2022 Q3,Richmond - VA - East End,Richmond City,"$1,333",5.9%
Multi-Family,2022 Q2,All,2022 Q3,Richmond - VA - East End,Richmond City,"$1,356",5.5%
Multi-Family,2022 Q3,All,2022 Q3,Richmond - VA - East End,Richmond City,"$1,365",4.5%
Multi-Family,2000 Q1,All,2022 Q3,Richmond - VA - Eastern Henrico County,Henrico County,$656,6.0%
Multi-Family,2000 Q2,All,2022 Q3,Richmond - VA - Eastern Henrico County,Henrico County,$661,5.7%
Multi-Family,2000 Q3,All,2022 Q3,Richmond - VA - Eastern Henrico County,Henrico County,$666,5.7%
Multi-Family,2000 Q4,All,2022 Q3,Richmond - VA - Eastern Henrico County,Henrico County,$670,6.0%
Multi-Family,2001 Q1,All,2022 Q3,Richmond - VA - Eastern Henrico County,Henrico County,$672,6.5%
Multi-Family,2001 Q2,All,2022 Q3,Richmond - VA - Eastern Henrico County,Henrico County,$671,7.0%
Multi-Family,2001 Q3,All,2022 Q3,Richmond - VA - Eastern Henrico County,Henrico County,$661,7.2%
Multi-Family,2001 Q4,All,2022 Q3,Richmond - VA - Eastern Henrico County,Henrico County,$650,7.2%
Multi-Family,2002 Q1,All,2022 Q3,Richmond - VA - Eastern Henrico County,Henrico County,$652,7.0%
Multi-Family,2002 Q2,All,2022 Q3,Richmond - VA - Eastern Henrico County,Henrico County,$660,7.0%
Multi-Family,2002 Q3,All,2022 Q3,Richmond - VA - Eastern Henrico County,Henrico County,$672,7.3%
Multi-Family,2002 Q4,All,2022 Q3,Richmond - VA - Eastern Henrico County,Henrico County,$661,7.7%
Multi-Family,2003 Q1,All,2022 Q3,Richmond - VA - Eastern Henrico County,Henrico County,$688,8.3%
Multi-Family,2003 Q2,All,2022 Q3,Richmond - VA - Eastern Henrico County,Henrico County,$709,8.9%
Multi-Family,2003 Q3,All,2022 Q3,Richmond - VA - Eastern Henrico County,Henrico County,$711,9.4%
Multi-Family,2003 Q4,All,2022 Q3,Richmond - VA - Eastern Henrico County,Henrico County,$713,9.7%
Multi-Family,2004 Q1,All,2022 Q3,Richmond - VA - Eastern Henrico County,Henrico County,$721,10.0%
Multi-Family,2004 Q2,All,2022 Q3,Richmond - VA - Eastern Henrico County,Henrico County,$729,10.9%
Multi-Family,2004 Q3,All,2022 Q3,Richmond - VA - Eastern Henrico County,Henrico County,$731,11.4%
Multi-Family,2004 Q4,All,2022 Q3,Richmond - VA - Eastern Henrico County,Henrico County,$754,11.5%
Multi-Family,2005 Q1,All,2022 Q3,Richmond - VA - Eastern Henrico County,Henrico County,$741,11.1%
Multi-Family,2005 Q2,All,2022 Q3,Richmond - VA - Eastern Henrico County,Henrico County,$747,10.6%
Multi-Family,2005 Q3,All,2022 Q3,Richmond - VA - Eastern Henrico County,Henrico County,$753,10.4%
Multi-Family,2005 Q4,All,2022 Q3,Richmond - VA - Eastern Henrico County,Henrico County,$756,10.4%
Multi-Family,2006 Q1,All,2022 Q3,Richmond - VA - Eastern Henrico County,Henrico County,$763,10.4%
Multi-Family,2006 Q2,All,2022 Q3,Richmond - VA - Eastern Henrico County,Henrico County,$773,10.1%
Multi-Family,2006 Q3,All,2022 Q3,Richmond - VA - Eastern Henrico County,Henrico County,$780,9.3%
Multi-Family,2006 Q4,All,2022 Q3,Richmond - VA - Eastern Henrico County,Henrico County,$783,8.6%
Multi-Family,2007 Q1,All,2022 Q3,Richmond - VA - Eastern Henrico County,Henrico County,$789,8.3%
Multi-Family,2007 Q2,All,2022 Q3,Richmond - VA - Eastern Henrico County,Henrico County,$796,8.1%
Multi-Family,2007 Q3,All,2022 Q3,Richmond - VA - Eastern Henrico County,Henrico County,$798,8.1%
Multi-Family,2007 Q4,All,2022 Q3,Richmond - VA - Eastern Henrico County,Henrico County,$811,10.1%
Multi-Family,2008 Q1,All,2022 Q3,Richmond - VA - Eastern Henrico County,Henrico County,$812,9.0%
Multi-Family,2008 Q2,All,2022 Q3,Richmond - VA - Eastern Henrico County,Henrico County,$827,7.9%
Multi-Family,2008 Q3,All,2022 Q3,Richmond - VA - Eastern Henrico County,Henrico County,$809,7.6%
Multi-Family,2008 Q4,All,2022 Q3,Richmond - VA - Eastern Henrico County,Henrico County,$798,7.5%
Multi-Family,2009 Q1,All,2022 Q3,Richmond - VA - Eastern Henrico County,Henrico County,$807,7.1%
Multi-Family,2009 Q2,All,2022 Q3,Richmond - VA - Eastern Henrico County,Henrico County,$807,7.4%
Multi-Family,2009 Q3,All,2022 Q3,Richmond - VA - Eastern Henrico County,Henrico County,$794,7.8%
Multi-Family,2009 Q4,All,2022 Q3,Richmond - VA - Eastern Henrico County,Henrico County,$797,7.7%
Multi-Family,2010 Q1,All,2022 Q3,Richmond - VA - Eastern Henrico County,Henrico County,$794,7.5%
Multi-Family,2010 Q2,All,2022 Q3,Richmond - VA - Eastern Henrico County,Henrico County,$817,7.0%
Multi-Family,2010 Q3,All,2022 Q3,Richmond - VA - Eastern Henrico County,Henrico County,$778,6.4%
Multi-Family,2010 Q4,All,2022 Q3,Richmond - VA - Eastern Henrico County,Henrico County,$778,6.8%
Multi-Family,2011 Q1,All,2022 Q3,Richmond - VA - Eastern Henrico County,Henrico County,$781,7.3%
Multi-Family,2011 Q2,All,2022 Q3,Richmond - VA - Eastern Henrico County,Henrico County,$782,7.8%
Multi-Family,2011 Q3,All,2022 Q3,Richmond - VA - Eastern Henrico County,Henrico County,$784,8.7%
Multi-Family,2011 Q4,All,2022 Q3,Richmond - VA - Eastern Henrico County,Henrico County,$786,9.4%
Multi-Family,2012 Q1,All,2022 Q3,Richmond - VA - Eastern Henrico County,Henrico County,$787,9.3%
Multi-Family,2012 Q2,All,2022 Q3,Richmond - VA - Eastern Henrico County,Henrico County,$793,9.0%
Multi-Family,2012 Q3,All,2022 Q3,Richmond - VA - Eastern Henrico County,Henrico County,$798,9.1%
Multi-Family,2012 Q4,All,2022 Q3,Richmond - VA - Eastern Henrico County,Henrico County,$799,9.3%
Multi-Family,2013 Q1,All,2022 Q3,Richmond - VA - Eastern Henrico County,Henrico County,$810,10.2%
Multi-Family,2013 Q2,All,2022 Q3,Richmond - VA - Eastern Henrico County,Henrico County,$817,9.9%
Multi-Family,2013 Q3,All,2022 Q3,Richmond - VA - Eastern Henrico County,Henrico County,$819,8.6%
Multi-Family,2013 Q4,All,2022 Q3,Richmond - VA - Eastern Henrico County,Henrico County,$825,7.9%
Multi-Family,2014 Q1,All,2022 Q3,Richmond - VA - Eastern Henrico County,Henrico County,$830,7.3%
Multi-Family,2014 Q2,All,2022 Q3,Richmond - VA - Eastern Henrico County,Henrico County,$828,7.1%
Multi-Family,2014 Q3,All,2022 Q3,Richmond - VA - Eastern Henrico County,Henrico County,$831,7.3%
Multi-Family,2014 Q4,All,2022 Q3,Richmond - VA - Eastern Henrico County,Henrico County,$839,8.2%
Multi-Family,2015 Q1,All,2022 Q3,Richmond - VA - Eastern Henrico County,Henrico County,$855,6.2%
Multi-Family,2015 Q2,All,2022 Q3,Richmond - VA - Eastern Henrico County,Henrico County,$868,5.5%
Multi-Family,2015 Q3,All,2022 Q3,Richmond - VA - Eastern Henrico County,Henrico County,$872,6.5%
Multi-Family,2015 Q4,All,2022 Q3,Richmond - VA - Eastern Henrico County,Henrico County,$871,5.8%
Multi-Family,2016 Q1,All,2022 Q3,Richmond - VA - Eastern Henrico County,Henrico County,$869,5.2%
Multi-Family,2016 Q2,All,2022 Q3,Richmond - VA - Eastern Henrico County,Henrico County,$873,5.4%
Multi-Family,2016 Q3,All,2022 Q3,Richmond - VA - Eastern Henrico County,Henrico County,$876,5.7%
Multi-Family,2016 Q4,All,2022 Q3,Richmond - VA - Eastern Henrico County,Henrico County,$878,5.6%
Multi-Family,2017 Q1,All,2022 Q3,Richmond - VA - Eastern Henrico County,Henrico County,$880,5.2%
Multi-Family,2017 Q2,All,2022 Q3,Richmond - VA - Eastern Henrico County,Henrico County,$897,4.4%
Multi-Family,2017 Q3,All,2022 Q3,Richmond - VA - Eastern Henrico County,Henrico County,$902,5.1%
Multi-Family,2017 Q4,All,2022 Q3,Richmond - VA - Eastern Henrico County,Henrico County,$918,4.7%
Multi-Family,2018 Q1,All,2022 Q3,Richmond - VA - Eastern Henrico County,Henrico County,$921,6.3%
Multi-Family,2018 Q2,All,2022 Q3,Richmond - VA - Eastern Henrico County,Henrico County,$931,7.1%
Multi-Family,2018 Q3,All,2022 Q3,Richmond - VA - Eastern Henrico County,Henrico County,$941,5.7%
Multi-Family,2018 Q4,All,2022 Q3,Richmond - VA - Eastern Henrico County,Henrico County,$940,6.2%
Multi-Family,2019 Q1,All,2022 Q3,Richmond - VA - Eastern Henrico County,Henrico County,$949,5.8%
Multi-Family,2019 Q2,All,2022 Q3,Richmond - VA - Eastern Henrico County,Henrico County,$961,5.6%
Multi-Family,2019 Q3,All,2022 Q3,Richmond - VA - Eastern Henrico County,Henrico County,$974,5.9%
Multi-Family,2019 Q4,All,2022 Q3,Richmond - VA - Eastern Henrico County,Henrico County,$967,7.4%
Multi-Family,2020 Q1,All,2022 Q3,Richmond - VA - Eastern Henrico County,Henrico County,$964,6.2%
Multi-Family,2020 Q2,All,2022 Q3,Richmond - VA - Eastern Henrico County,Henrico County,"$1,004",4.3%
Multi-Family,2020 Q3,All,2022 Q3,Richmond - VA - Eastern Henrico County,Henrico County,"$1,014",5.2%
Multi-Family,2020 Q4,All,2022 Q3,Richmond - VA - Eastern Henrico County,Henrico County,"$1,011",4.4%
Multi-Family,2021 Q1,All,2022 Q3,Richmond - VA - Eastern Henrico County,Henrico County,"$1,041",3.4%
Multi-Family,2021 Q2,All,2022 Q3,Richmond - VA - Eastern Henrico County,Henrico County,"$1,072",1.5%
Multi-Family,2021 Q3,All,2022 Q3,Richmond - VA - Eastern Henrico County,Henrico County,"$1,098",1.4%
Multi-Family,2021 Q4,All,2022 Q3,Richmond - VA - Eastern Henrico County,Henrico County,"$1,104",1.9%
Multi-Family,2022 Q1,All,2022 Q3,Richmond - VA - Eastern Henrico County,Henrico County,"$1,149",1.9%
Multi-Family,2022 Q2,All,2022 Q3,Richmond - VA - Eastern Henrico County,Henrico County,"$1,207",3.4%
Multi-Family,2022 Q3,All,2022 Q3,Richmond - VA - Eastern Henrico County,Henrico County,"$1,225",3.4%
Multi-Family,2015 Q2,All,2022 Q3,Richmond - VA - Goochland County,Goochland County,"$1,394",40.6%
Multi-Family,2015 Q3,All,2022 Q3,Richmond - VA - Goochland County,Goochland County,"$1,405",7.9%
Multi-Family,2015 Q4,All,2022 Q3,Richmond - VA - Goochland County,Goochland County,"$1,419",6.7%
Multi-Family,2016 Q1,All,2022 Q3,Richmond - VA - Goochland County,Goochland County,"$1,472",3.0%
Multi-Family,2016 Q2,All,2022 Q3,Richmond - VA - Goochland County,Goochland County,"$1,534",1.9%
Multi-Family,2016 Q3,All,2022 Q3,Richmond - VA - Goochland County,Goochland County,"$1,472",3.1%
Multi-Family,2016 Q4,All,2022 Q3,Richmond - VA - Goochland County,Goochland County,"$1,455",5.1%
Multi-Family,2017 Q1,All,2022 Q3,Richmond - VA - Goochland County,Goochland County,"$1,516",7.9%
Multi-Family,2017 Q2,All,2022 Q3,Richmond - VA - Goochland County,Goochland County,"$1,529",5.0%
Multi-Family,2017 Q3,All,2022 Q3,Richmond - VA - Goochland County,Goochland County,"$1,531",3.7%
Multi-Family,2017 Q4,All,2022 Q3,Richmond - VA - Goochland County,Goochland County,"$1,520",3.8%
Multi-Family,2018 Q1,All,2022 Q3,Richmond - VA - Goochland County,Goochland County,"$1,524",2.1%
Multi-Family,2018 Q2,All,2022 Q3,Richmond - VA - Goochland County,Goochland County,"$1,617",1.6%
Multi-Family,2018 Q3,All,2022 Q3,Richmond - VA - Goochland County,Goochland County,"$1,566",38.6%
Multi-Family,2018 Q4,All,2022 Q3,Richmond - VA - Goochland County,Goochland County,"$1,549",34.1%
Multi-Family,2019 Q1,All,2022 Q3,Richmond - VA - Goochland County,Goochland County,"$1,584",26.8%
Multi-Family,2019 Q2,All,2022 Q3,Richmond - VA - Goochland County,Goochland County,"$1,588",17.4%
Multi-Family,2019 Q3,All,2022 Q3,Richmond - VA - Goochland County,Goochland County,"$1,548",7.6%
Multi-Family,2019 Q4,All,2022 Q3,Richmond - VA - Goochland County,Goochland County,"$1,527",8.1%
Multi-Family,2020 Q1,All,2022 Q3,Richmond - VA - Goochland County,Goochland County,"$1,553",5.8%
Multi-Family,2020 Q2,All,2022 Q3,Richmond - VA - Goochland County,Goochland County,"$1,605",3.3%
Multi-Family,2020 Q3,All,2022 Q3,Richmond - VA - Goochland County,Goochland County,"$1,558",5.0%
Multi-Family,2020 Q4,All,2022 Q3,Richmond - VA - Goochland County,Goochland County,"$1,554",7.3%
Multi-Family,2021 Q1,All,2022 Q3,Richmond - VA - Goochland County,Goochland County,"$1,620",7.2%
Multi-Family,2021 Q2,All,2022 Q3,Richmond - VA - Goochland County,Goochland County,"$1,856",4.1%
Multi-Family,2021 Q3,All,2022 Q3,Richmond - VA - Goochland County,Goochland County,"$1,847",4.0%
Multi-Family,2021 Q4,All,2022 Q3,Richmond - VA - Goochland County,Goochland County,"$1,844",5.3%
Multi-Family,2022 Q1,All,2022 Q3,Richmond - VA - Goochland County,Goochland County,"$1,830",3.8%
Multi-Family,2022 Q2,All,2022 Q3,Richmond - VA - Goochland County,Goochland County,"$1,940",2.6%
Multi-Family,2022 Q3,All,2022 Q3,Richmond - VA - Goochland County,Goochland County,"$1,921",2.6%
Multi-Family,2000 Q1,All,2022 Q3,Richmond - VA - Hanover County ,Hanover County,$782,1.6%
Multi-Family,2000 Q2,All,2022 Q3,Richmond - VA - Hanover County ,Hanover County,$789,1.3%
Multi-Family,2000 Q3,All,2022 Q3,Richmond - VA - Hanover County ,Hanover County,$795,1.3%
Multi-Family,2000 Q4,All,2022 Q3,Richmond - VA - Hanover County ,Hanover County,$800,1.5%
Multi-Family,2001 Q1,All,2022 Q3,Richmond - VA - Hanover County ,Hanover County,$801,2.0%
Multi-Family,2001 Q2,All,2022 Q3,Richmond - VA - Hanover County ,Hanover County,$802,2.4%
Multi-Family,2001 Q3,All,2022 Q3,Richmond - VA - Hanover County ,Hanover County,$792,2.5%
Multi-Family,2001 Q4,All,2022 Q3,Richmond - VA - Hanover County ,Hanover County,$779,2.5%
Multi-Family,2002 Q1,All,2022 Q3,Richmond - VA - Hanover County ,Hanover County,$781,2.4%
Multi-Family,2002 Q2,All,2022 Q3,Richmond - VA - Hanover County ,Hanover County,$788,2.4%
Multi-Family,2002 Q3,All,2022 Q3,Richmond - VA - Hanover County ,Hanover County,$801,2.6%
Multi-Family,2002 Q4,All,2022 Q3,Richmond - VA - Hanover County ,Hanover County,$791,3.0%
Multi-Family,2003 Q1,All,2022 Q3,Richmond - VA - Hanover County ,Hanover County,$812,3.6%
Multi-Family,2003 Q2,All,2022 Q3,Richmond - VA - Hanover County ,Hanover County,$825,4.1%
Multi-Family,2003 Q3,All,2022 Q3,Richmond - VA - Hanover County ,Hanover County,$829,4.6%
Multi-Family,2003 Q4,All,2022 Q3,Richmond - VA - Hanover County ,Hanover County,$834,5.0%
Multi-Family,2004 Q1,All,2022 Q3,Richmond - VA - Hanover County ,Hanover County,$842,5.2%
Multi-Family,2004 Q2,All,2022 Q3,Richmond - VA - Hanover County ,Hanover County,$847,5.3%
Multi-Family,2004 Q3,All,2022 Q3,Richmond - VA - Hanover County ,Hanover County,$849,5.3%
Multi-Family,2004 Q4,All,2022 Q3,Richmond - VA - Hanover County ,Hanover County,$852,5.3%
Multi-Family,2005 Q1,All,2022 Q3,Richmond - VA - Hanover County ,Hanover County,$858,5.1%
Multi-Family,2005 Q2,All,2022 Q3,Richmond - VA - Hanover County ,Hanover County,$865,5.0%
Multi-Family,2005 Q3,All,2022 Q3,Richmond - VA - Hanover County ,Hanover County,$872,5.0%
Multi-Family,2005 Q4,All,2022 Q3,Richmond - VA - Hanover County ,Hanover County,$876,4.8%
Multi-Family,2006 Q1,All,2022 Q3,Richmond - VA - Hanover County ,Hanover County,$886,4.6%
Multi-Family,2006 Q2,All,2022 Q3,Richmond - VA - Hanover County ,Hanover County,$901,4.4%
Multi-Family,2006 Q3,All,2022 Q3,Richmond - VA - Hanover County ,Hanover County,$910,4.2%
Multi-Family,2006 Q4,All,2022 Q3,Richmond - VA - Hanover County ,Hanover County,$914,4.0%
Multi-Family,2007 Q1,All,2022 Q3,Richmond - VA - Hanover County ,Hanover County,$924,3.8%
Multi-Family,2007 Q2,All,2022 Q3,Richmond - VA - Hanover County ,Hanover County,$937,3.6%
Multi-Family,2007 Q3,All,2022 Q3,Richmond - VA - Hanover County ,Hanover County,$942,3.5%
Multi-Family,2007 Q4,All,2022 Q3,Richmond - VA - Hanover County ,Hanover County,$940,3.6%
Multi-Family,2008 Q1,All,2022 Q3,Richmond - VA - Hanover County ,Hanover County,$942,3.8%
Multi-Family,2008 Q2,All,2022 Q3,Richmond - VA - Hanover County ,Hanover County,$949,4.0%
Multi-Family,2008 Q3,All,2022 Q3,Richmond - VA - Hanover County ,Hanover County,$955,4.0%
Multi-Family,2008 Q4,All,2022 Q3,Richmond - VA - Hanover County ,Hanover County,$951,3.8%
Multi-Family,2009 Q1,All,2022 Q3,Richmond - VA - Hanover County ,Hanover County,$947,3.7%
Multi-Family,2009 Q2,All,2022 Q3,Richmond - VA - Hanover County ,Hanover County,$943,3.5%
Multi-Family,2009 Q3,All,2022 Q3,Richmond - VA - Hanover County ,Hanover County,$939,3.3%
Multi-Family,2009 Q4,All,2022 Q3,Richmond - VA - Hanover County ,Hanover County,$934,3.5%
Multi-Family,2010 Q1,All,2022 Q3,Richmond - VA - Hanover County ,Hanover County,$935,3.7%
Multi-Family,2010 Q2,All,2022 Q3,Richmond - VA - Hanover County ,Hanover County,$934,3.8%
Multi-Family,2010 Q3,All,2022 Q3,Richmond - VA - Hanover County ,Hanover County,$925,3.9%
Multi-Family,2010 Q4,All,2022 Q3,Richmond - VA - Hanover County ,Hanover County,$917,4.0%
Multi-Family,2011 Q1,All,2022 Q3,Richmond - VA - Hanover County ,Hanover County,$917,4.0%
Multi-Family,2011 Q2,All,2022 Q3,Richmond - VA - Hanover County ,Hanover County,$919,3.9%
Multi-Family,2011 Q3,All,2022 Q3,Richmond - VA - Hanover County ,Hanover County,$921,3.9%
Multi-Family,2011 Q4,All,2022 Q3,Richmond - VA - Hanover County ,Hanover County,$923,3.9%
Multi-Family,2012 Q1,All,2022 Q3,Richmond - VA - Hanover County ,Hanover County,$925,3.9%
Multi-Family,2012 Q2,All,2022 Q3,Richmond - VA - Hanover County ,Hanover County,$928,4.0%
Multi-Family,2012 Q3,All,2022 Q3,Richmond - VA - Hanover County ,Hanover County,$930,3.9%
Multi-Family,2012 Q4,All,2022 Q3,Richmond - VA - Hanover County ,Hanover County,$931,4.3%
Multi-Family,2013 Q1,All,2022 Q3,Richmond - VA - Hanover County ,Hanover County,$942,4.3%
Multi-Family,2013 Q2,All,2022 Q3,Richmond - VA - Hanover County ,Hanover County,$955,5.2%
Multi-Family,2013 Q3,All,2022 Q3,Richmond - VA - Hanover County ,Hanover County,$958,5.4%
Multi-Family,2013 Q4,All,2022 Q3,Richmond - VA - Hanover County ,Hanover County,$960,5.2%
Multi-Family,2014 Q1,All,2022 Q3,Richmond - VA - Hanover County ,Hanover County,$965,4.5%
Multi-Family,2014 Q2,All,2022 Q3,Richmond - VA - Hanover County ,Hanover County,$969,4.9%
Multi-Family,2014 Q3,All,2022 Q3,Richmond - VA - Hanover County ,Hanover County,$977,3.6%
Multi-Family,2014 Q4,All,2022 Q3,Richmond - VA - Hanover County ,Hanover County,$984,4.1%
Multi-Family,2015 Q1,All,2022 Q3,Richmond - VA - Hanover County ,Hanover County,$993,5.0%
Multi-Family,2015 Q2,All,2022 Q3,Richmond - VA - Hanover County ,Hanover County,"$1,019",4.8%
Multi-Family,2015 Q3,All,2022 Q3,Richmond - VA - Hanover County ,Hanover County,"$1,014",4.4%
Multi-Family,2015 Q4,All,2022 Q3,Richmond - VA - Hanover County ,Hanover County,"$1,032",4.0%
Multi-Family,2016 Q1,All,2022 Q3,Richmond - VA - Hanover County ,Hanover County,"$1,027",3.4%
Multi-Family,2016 Q2,All,2022 Q3,Richmond - VA - Hanover County ,Hanover County,"$1,035",3.2%
Multi-Family,2016 Q3,All,2022 Q3,Richmond - VA - Hanover County ,Hanover County,"$1,050",3.8%
Multi-Family,2016 Q4,All,2022 Q3,Richmond - VA - Hanover County ,Hanover County,"$1,056",9.5%
Multi-Family,2017 Q1,All,2022 Q3,Richmond - VA - Hanover County ,Hanover County,"$1,060",7.9%
Multi-Family,2017 Q2,All,2022 Q3,Richmond - VA - Hanover County ,Hanover County,"$1,068",4.4%
Multi-Family,2017 Q3,All,2022 Q3,Richmond - VA - Hanover County ,Hanover County,"$1,086",2.5%
Multi-Family,2017 Q4,All,2022 Q3,Richmond - VA - Hanover County ,Hanover County,"$1,090",2.7%
Multi-Family,2018 Q1,All,2022 Q3,Richmond - VA - Hanover County ,Hanover County,"$1,098",3.3%
Multi-Family,2018 Q2,All,2022 Q3,Richmond - VA - Hanover County ,Hanover County,"$1,107",3.2%
Multi-Family,2018 Q3,All,2022 Q3,Richmond - VA - Hanover County ,Hanover County,"$1,114",3.7%
Multi-Family,2018 Q4,All,2022 Q3,Richmond - VA - Hanover County ,Hanover County,"$1,120",3.8%
Multi-Family,2019 Q1,All,2022 Q3,Richmond - VA - Hanover County ,Hanover County,"$1,137",3.4%
Multi-Family,2019 Q2,All,2022 Q3,Richmond - VA - Hanover County ,Hanover County,"$1,151",3.0%
Multi-Family,2019 Q3,All,2022 Q3,Richmond - VA - Hanover County ,Hanover County,"$1,146",3.4%
Multi-Family,2019 Q4,All,2022 Q3,Richmond - VA - Hanover County ,Hanover County,"$1,146",3.5%
Multi-Family,2020 Q1,All,2022 Q3,Richmond - VA - Hanover County ,Hanover County,"$1,164",9.0%
Multi-Family,2020 Q2,All,2022 Q3,Richmond - VA - Hanover County ,Hanover County,"$1,190",6.5%
Multi-Family,2020 Q3,All,2022 Q3,Richmond - VA - Hanover County ,Hanover County,"$1,211",2.6%
Multi-Family,2020 Q4,All,2022 Q3,Richmond - VA - Hanover County ,Hanover County,"$1,205",1.4%
Multi-Family,2021 Q1,All,2022 Q3,Richmond - VA - Hanover County ,Hanover County,"$1,231",1.5%
Multi-Family,2021 Q2,All,2022 Q3,Richmond - VA - Hanover County ,Hanover County,"$1,251",1.8%
Multi-Family,2021 Q3,All,2022 Q3,Richmond - VA - Hanover County ,Hanover County,"$1,272",1.0%
Multi-Family,2021 Q4,All,2022 Q3,Richmond - VA - Hanover County ,Hanover County,"$1,332",0.5%
Multi-Family,2022 Q1,All,2022 Q3,Richmond - VA - Hanover County ,Hanover County,"$1,383",0.5%
Multi-Family,2022 Q2,All,2022 Q3,Richmond - VA - Hanover County ,Hanover County,"$1,478",0.9%
Multi-Family,2022 Q3,All,2022 Q3,Richmond - VA - Hanover County ,Hanover County,"$1,492",1.0%
Multi-Family,2000 Q1,All,2022 Q3,Richmond - VA - Midlothian,Chesterfield County,$849,3.0%
Multi-Family,2000 Q2,All,2022 Q3,Richmond - VA - Midlothian,Chesterfield County,$856,2.8%
Multi-Family,2000 Q3,All,2022 Q3,Richmond - VA - Midlothian,Chesterfield County,$863,2.8%
Multi-Family,2000 Q4,All,2022 Q3,Richmond - VA - Midlothian,Chesterfield County,$868,7.8%
Multi-Family,2001 Q1,All,2022 Q3,Richmond - VA - Midlothian,Chesterfield County,$875,7.0%
Multi-Family,2001 Q2,All,2022 Q3,Richmond - VA - Midlothian,Chesterfield County,$896,6.5%
Multi-Family,2001 Q3,All,2022 Q3,Richmond - VA - Midlothian,Chesterfield County,$916,6.1%
Multi-Family,2001 Q4,All,2022 Q3,Richmond - VA - Midlothian,Chesterfield County,$940,5.7%
Multi-Family,2002 Q1,All,2022 Q3,Richmond - VA - Midlothian,Chesterfield County,$948,5.3%
Multi-Family,2002 Q2,All,2022 Q3,Richmond - VA - Midlothian,Chesterfield County,$942,4.8%
Multi-Family,2002 Q3,All,2022 Q3,Richmond - VA - Midlothian,Chesterfield County,$929,5.0%
Multi-Family,2002 Q4,All,2022 Q3,Richmond - VA - Midlothian,Chesterfield County,$935,5.4%
Multi-Family,2003 Q1,All,2022 Q3,Richmond - VA - Midlothian,Chesterfield County,$934,5.9%
Multi-Family,2003 Q2,All,2022 Q3,Richmond - VA - Midlothian,Chesterfield County,$931,6.4%
Multi-Family,2003 Q3,All,2022 Q3,Richmond - VA - Midlothian,Chesterfield County,$923,6.9%
Multi-Family,2003 Q4,All,2022 Q3,Richmond - VA - Midlothian,Chesterfield County,$914,7.3%
Multi-Family,2004 Q1,All,2022 Q3,Richmond - VA - Midlothian,Chesterfield County,$913,7.5%
Multi-Family,2004 Q2,All,2022 Q3,Richmond - VA - Midlothian,Chesterfield County,$925,7.6%
Multi-Family,2004 Q3,All,2022 Q3,Richmond - VA - Midlothian,Chesterfield County,$932,7.5%
Multi-Family,2004 Q4,All,2022 Q3,Richmond - VA - Midlothian,Chesterfield County,$926,7.4%
Multi-Family,2005 Q1,All,2022 Q3,Richmond - VA - Midlothian,Chesterfield County,$925,7.3%
Multi-Family,2005 Q2,All,2022 Q3,Richmond - VA - Midlothian,Chesterfield County,$935,7.4%
Multi-Family,2005 Q3,All,2022 Q3,Richmond - VA - Midlothian,Chesterfield County,$942,7.0%
Multi-Family,2005 Q4,All,2022 Q3,Richmond - VA - Midlothian,Chesterfield County,$943,8.8%
Multi-Family,2006 Q1,All,2022 Q3,Richmond - VA - Midlothian,Chesterfield County,$952,8.0%
Multi-Family,2006 Q2,All,2022 Q3,Richmond - VA - Midlothian,Chesterfield County,$969,7.2%
Multi-Family,2006 Q3,All,2022 Q3,Richmond - VA - Midlothian,Chesterfield County,$979,6.5%
Multi-Family,2006 Q4,All,2022 Q3,Richmond - VA - Midlothian,Chesterfield County,$982,6.0%
Multi-Family,2007 Q1,All,2022 Q3,Richmond - VA - Midlothian,Chesterfield County,$989,5.8%
Multi-Family,2007 Q2,All,2022 Q3,Richmond - VA - Midlothian,Chesterfield County,"$1,000",5.5%
Multi-Family,2007 Q3,All,2022 Q3,Richmond - VA - Midlothian,Chesterfield County,"$1,003",5.5%
Multi-Family,2007 Q4,All,2022 Q3,Richmond - VA - Midlothian,Chesterfield County,"$1,001",8.7%
Multi-Family,2008 Q1,All,2022 Q3,Richmond - VA - Midlothian,Chesterfield County,"$1,004",7.7%
Multi-Family,2008 Q2,All,2022 Q3,Richmond - VA - Midlothian,Chesterfield County,"$1,008",7.1%
Multi-Family,2008 Q3,All,2022 Q3,Richmond - VA - Midlothian,Chesterfield County,"$1,007",6.7%
Multi-Family,2008 Q4,All,2022 Q3,Richmond - VA - Midlothian,Chesterfield County,"$1,000",6.4%
Multi-Family,2009 Q1,All,2022 Q3,Richmond - VA - Midlothian,Chesterfield County,$993,6.1%
Multi-Family,2009 Q2,All,2022 Q3,Richmond - VA - Midlothian,Chesterfield County,$999,5.5%
Multi-Family,2009 Q3,All,2022 Q3,Richmond - VA - Midlothian,Chesterfield County,"$1,000",5.4%
Multi-Family,2009 Q4,All,2022 Q3,Richmond - VA - Midlothian,Chesterfield County,$994,5.4%
Multi-Family,2010 Q1,All,2022 Q3,Richmond - VA - Midlothian,Chesterfield County,$994,5.6%
Multi-Family,2010 Q2,All,2022 Q3,Richmond - VA - Midlothian,Chesterfield County,"$1,001",6.0%
Multi-Family,2010 Q3,All,2022 Q3,Richmond - VA - Midlothian,Chesterfield County,$999,6.3%
Multi-Family,2010 Q4,All,2022 Q3,Richmond - VA - Midlothian,Chesterfield County,$981,6.6%
Multi-Family,2011 Q1,All,2022 Q3,Richmond - VA - Midlothian,Chesterfield County,$975,6.7%
Multi-Family,2011 Q2,All,2022 Q3,Richmond - VA - Midlothian,Chesterfield County,$976,6.7%
Multi-Family,2011 Q3,All,2022 Q3,Richmond - VA - Midlothian,Chesterfield County,$979,6.7%
Multi-Family,2011 Q4,All,2022 Q3,Richmond - VA - Midlothian,Chesterfield County,$982,6.7%
Multi-Family,2012 Q1,All,2022 Q3,Richmond - VA - Midlothian,Chesterfield County,$984,6.8%
Multi-Family,2012 Q2,All,2022 Q3,Richmond - VA - Midlothian,Chesterfield County,$987,7.0%
Multi-Family,2012 Q3,All,2022 Q3,Richmond - VA - Midlothian,Chesterfield County,$990,6.2%
Multi-Family,2012 Q4,All,2022 Q3,Richmond - VA - Midlothian,Chesterfield County,$993,6.0%
Multi-Family,2013 Q1,All,2022 Q3,Richmond - VA - Midlothian,Chesterfield County,"$1,006",5.3%
Multi-Family,2013 Q2,All,2022 Q3,Richmond - VA - Midlothian,Chesterfield County,"$1,017",5.0%
Multi-Family,2013 Q3,All,2022 Q3,Richmond - VA - Midlothian,Chesterfield County,"$1,018",5.1%
Multi-Family,2013 Q4,All,2022 Q3,Richmond - VA - Midlothian,Chesterfield County,"$1,023",4.8%
Multi-Family,2014 Q1,All,2022 Q3,Richmond - VA - Midlothian,Chesterfield County,"$1,033",5.6%
Multi-Family,2014 Q2,All,2022 Q3,Richmond - VA - Midlothian,Chesterfield County,"$1,037",5.2%
Multi-Family,2014 Q3,All,2022 Q3,Richmond - VA - Midlothian,Chesterfield County,"$1,045",4.4%
Multi-Family,2014 Q4,All,2022 Q3,Richmond - VA - Midlothian,Chesterfield County,"$1,056",8.8%
Multi-Family,2015 Q1,All,2022 Q3,Richmond - VA - Midlothian,Chesterfield County,"$1,073",8.7%
Multi-Family,2015 Q2,All,2022 Q3,Richmond - VA - Midlothian,Chesterfield County,"$1,081",7.3%
Multi-Family,2015 Q3,All,2022 Q3,Richmond - VA - Midlothian,Chesterfield County,"$1,083",9.3%
Multi-Family,2015 Q4,All,2022 Q3,Richmond - VA - Midlothian,Chesterfield County,"$1,090",8.9%
Multi-Family,2016 Q1,All,2022 Q3,Richmond - VA - Midlothian,Chesterfield County,"$1,101",8.3%
Multi-Family,2016 Q2,All,2022 Q3,Richmond - VA - Midlothian,Chesterfield County,"$1,113",6.7%
Multi-Family,2016 Q3,All,2022 Q3,Richmond - VA - Midlothian,Chesterfield County,"$1,131",6.2%
Multi-Family,2016 Q4,All,2022 Q3,Richmond - VA - Midlothian,Chesterfield County,"$1,133",7.8%
Multi-Family,2017 Q1,All,2022 Q3,Richmond - VA - Midlothian,Chesterfield County,"$1,148",8.4%
Multi-Family,2017 Q2,All,2022 Q3,Richmond - VA - Midlothian,Chesterfield County,"$1,173",8.2%
Multi-Family,2017 Q3,All,2022 Q3,Richmond - VA - Midlothian,Chesterfield County,"$1,189",10.0%
Multi-Family,2017 Q4,All,2022 Q3,Richmond - VA - Midlothian,Chesterfield County,"$1,202",8.5%
Multi-Family,2018 Q1,All,2022 Q3,Richmond - VA - Midlothian,Chesterfield County,"$1,217",6.7%
Multi-Family,2018 Q2,All,2022 Q3,Richmond - VA - Midlothian,Chesterfield County,"$1,242",5.4%
Multi-Family,2018 Q3,All,2022 Q3,Richmond - VA - Midlothian,Chesterfield County,"$1,241",6.2%
Multi-Family,2018 Q4,All,2022 Q3,Richmond - VA - Midlothian,Chesterfield County,"$1,250",6.7%
Multi-Family,2019 Q1,All,2022 Q3,Richmond - VA - Midlothian,Chesterfield County,"$1,275",6.4%
Multi-Family,2019 Q2,All,2022 Q3,Richmond - VA - Midlothian,Chesterfield County,"$1,303",6.1%
Multi-Family,2019 Q3,All,2022 Q3,Richmond - VA - Midlothian,Chesterfield County,"$1,284",11.8%
Multi-Family,2019 Q4,All,2022 Q3,Richmond - VA - Midlothian,Chesterfield County,"$1,276",10.4%
Multi-Family,2020 Q1,All,2022 Q3,Richmond - VA - Midlothian,Chesterfield County,"$1,302",9.4%
Multi-Family,2020 Q2,All,2022 Q3,Richmond - VA - Midlothian,Chesterfield County,"$1,329",14.2%
Multi-Family,2020 Q3,All,2022 Q3,Richmond - VA - Midlothian,Chesterfield County,"$1,345",10.3%
Multi-Family,2020 Q4,All,2022 Q3,Richmond - VA - Midlothian,Chesterfield County,"$1,349",11.0%
Multi-Family,2021 Q1,All,2022 Q3,Richmond - VA - Midlothian,Chesterfield County,"$1,375",7.8%
Multi-Family,2021 Q2,All,2022 Q3,Richmond - VA - Midlothian,Chesterfield County,"$1,489",5.1%
Multi-Family,2021 Q3,All,2022 Q3,Richmond - VA - Midlothian,Chesterfield County,"$1,550",4.7%
Multi-Family,2021 Q4,All,2022 Q3,Richmond - VA - Midlothian,Chesterfield County,"$1,542",7.4%
Multi-Family,2022 Q1,All,2022 Q3,Richmond - VA - Midlothian,Chesterfield County,"$1,612",7.5%
Multi-Family,2022 Q2,All,2022 Q3,Richmond - VA - Midlothian,Chesterfield County,"$1,655",6.6%
Multi-Family,2022 Q3,All,2022 Q3,Richmond - VA - Midlothian,Chesterfield County,"$1,657",8.9%
Multi-Family,2000 Q1,All,2022 Q3,Richmond - VA - Northside,Richmond City,$562,8.1%
Multi-Family,2000 Q2,All,2022 Q3,Richmond - VA - Northside,Richmond City,$567,8.0%
Multi-Family,2000 Q3,All,2022 Q3,Richmond - VA - Northside,Richmond City,$571,7.9%
Multi-Family,2000 Q4,All,2022 Q3,Richmond - VA - Northside,Richmond City,$574,8.1%
Multi-Family,2001 Q1,All,2022 Q3,Richmond - VA - Northside,Richmond City,$576,8.5%
Multi-Family,2001 Q2,All,2022 Q3,Richmond - VA - Northside,Richmond City,$578,8.9%
Multi-Family,2001 Q3,All,2022 Q3,Richmond - VA - Northside,Richmond City,$575,9.0%
Multi-Family,2001 Q4,All,2022 Q3,Richmond - VA - Northside,Richmond City,$571,9.0%
Multi-Family,2002 Q1,All,2022 Q3,Richmond - VA - Northside,Richmond City,$571,8.9%
Multi-Family,2002 Q2,All,2022 Q3,Richmond - VA - Northside,Richmond City,$575,9.0%
Multi-Family,2002 Q3,All,2022 Q3,Richmond - VA - Northside,Richmond City,$582,9.1%
Multi-Family,2002 Q4,All,2022 Q3,Richmond - VA - Northside,Richmond City,$578,9.5%
Multi-Family,2003 Q1,All,2022 Q3,Richmond - VA - Northside,Richmond City,$596,10.1%
Multi-Family,2003 Q2,All,2022 Q3,Richmond - VA - Northside,Richmond City,$608,10.6%
Multi-Family,2003 Q3,All,2022 Q3,Richmond - VA - Northside,Richmond City,$607,11.0%
Multi-Family,2003 Q4,All,2022 Q3,Richmond - VA - Northside,Richmond City,$609,11.4%
Multi-Family,2004 Q1,All,2022 Q3,Richmond - VA - Northside,Richmond City,$615,11.6%
Multi-Family,2004 Q2,All,2022 Q3,Richmond - VA - Northside,Richmond City,$621,11.7%
Multi-Family,2004 Q3,All,2022 Q3,Richmond - VA - Northside,Richmond City,$623,11.6%
Multi-Family,2004 Q4,All,2022 Q3,Richmond - VA - Northside,Richmond City,$623,11.5%
Multi-Family,2005 Q1,All,2022 Q3,Richmond - VA - Northside,Richmond City,$628,12.7%
Multi-Family,2005 Q2,All,2022 Q3,Richmond - VA - Northside,Richmond City,$634,12.4%
Multi-Family,2005 Q3,All,2022 Q3,Richmond - VA - Northside,Richmond City,$639,12.2%
Multi-Family,2005 Q4,All,2022 Q3,Richmond - VA - Northside,Richmond City,$641,11.9%
Multi-Family,2006 Q1,All,2022 Q3,Richmond - VA - Northside,Richmond City,$648,11.6%
Multi-Family,2006 Q2,All,2022 Q3,Richmond - VA - Northside,Richmond City,$659,11.2%
Multi-Family,2006 Q3,All,2022 Q3,Richmond - VA - Northside,Richmond City,$665,10.7%
Multi-Family,2006 Q4,All,2022 Q3,Richmond - VA - Northside,Richmond City,$668,10.3%
Multi-Family,2007 Q1,All,2022 Q3,Richmond - VA - Northside,Richmond City,$675,10.5%
Multi-Family,2007 Q2,All,2022 Q3,Richmond - VA - Northside,Richmond City,$683,10.1%
Multi-Family,2007 Q3,All,2022 Q3,Richmond - VA - Northside,Richmond City,$686,10.2%
Multi-Family,2007 Q4,All,2022 Q3,Richmond - VA - Northside,Richmond City,$685,10.3%
Multi-Family,2008 Q1,All,2022 Q3,Richmond - VA - Northside,Richmond City,$688,10.6%
Multi-Family,2008 Q2,All,2022 Q3,Richmond - VA - Northside,Richmond City,$695,10.5%
Multi-Family,2008 Q3,All,2022 Q3,Richmond - VA - Northside,Richmond City,$699,10.6%
Multi-Family,2008 Q4,All,2022 Q3,Richmond - VA - Northside,Richmond City,$697,10.6%
Multi-Family,2009 Q1,All,2022 Q3,Richmond - VA - Northside,Richmond City,$694,10.5%
Multi-Family,2009 Q2,All,2022 Q3,Richmond - VA - Northside,Richmond City,$695,18.4%
Multi-Family,2009 Q3,All,2022 Q3,Richmond - VA - Northside,Richmond City,$695,10.3%
Multi-Family,2009 Q4,All,2022 Q3,Richmond - VA - Northside,Richmond City,$688,10.3%
Multi-Family,2010 Q1,All,2022 Q3,Richmond - VA - Northside,Richmond City,$685,10.6%
Multi-Family,2010 Q2,All,2022 Q3,Richmond - VA - Northside,Richmond City,$682,11.0%
Multi-Family,2010 Q3,All,2022 Q3,Richmond - VA - Northside,Richmond City,$675,11.5%
Multi-Family,2010 Q4,All,2022 Q3,Richmond - VA - Northside,Richmond City,$670,11.9%
Multi-Family,2011 Q1,All,2022 Q3,Richmond - VA - Northside,Richmond City,$669,12.2%
Multi-Family,2011 Q2,All,2022 Q3,Richmond - VA - Northside,Richmond City,$671,12.3%
Multi-Family,2011 Q3,All,2022 Q3,Richmond - VA - Northside,Richmond City,$673,12.4%
Multi-Family,2011 Q4,All,2022 Q3,Richmond - VA - Northside,Richmond City,$674,12.3%
Multi-Family,2012 Q1,All,2022 Q3,Richmond - VA - Northside,Richmond City,$675,12.3%
Multi-Family,2012 Q2,All,2022 Q3,Richmond - VA - Northside,Richmond City,$677,12.3%
Multi-Family,2012 Q3,All,2022 Q3,Richmond - VA - Northside,Richmond City,$678,9.6%
Multi-Family,2012 Q4,All,2022 Q3,Richmond - VA - Northside,Richmond City,$680,9.6%
Multi-Family,2013 Q1,All,2022 Q3,Richmond - VA - Northside,Richmond City,$684,9.4%
Multi-Family,2013 Q2,All,2022 Q3,Richmond - VA - Northside,Richmond City,$690,9.6%
Multi-Family,2013 Q3,All,2022 Q3,Richmond - VA - Northside,Richmond City,$696,11.5%
Multi-Family,2013 Q4,All,2022 Q3,Richmond - VA - Northside,Richmond City,$700,10.9%
Multi-Family,2014 Q1,All,2022 Q3,Richmond - VA - Northside,Richmond City,$705,10.4%
Multi-Family,2014 Q2,All,2022 Q3,Richmond - VA - Northside,Richmond City,$711,10.1%
Multi-Family,2014 Q3,All,2022 Q3,Richmond - VA - Northside,Richmond City,$718,9.9%
Multi-Family,2014 Q4,All,2022 Q3,Richmond - VA - Northside,Richmond City,$723,9.6%
Multi-Family,2015 Q1,All,2022 Q3,Richmond - VA - Northside,Richmond City,$724,9.9%
Multi-Family,2015 Q2,All,2022 Q3,Richmond - VA - Northside,Richmond City,$729,11.1%
Multi-Family,2015 Q3,All,2022 Q3,Richmond - VA - Northside,Richmond City,$737,12.0%
Multi-Family,2015 Q4,All,2022 Q3,Richmond - VA - Northside,Richmond City,$740,9.3%
Multi-Family,2016 Q1,All,2022 Q3,Richmond - VA - Northside,Richmond City,$742,8.8%
Multi-Family,2016 Q2,All,2022 Q3,Richmond - VA - Northside,Richmond City,$743,8.3%
Multi-Family,2016 Q3,All,2022 Q3,Richmond - VA - Northside,Richmond City,$745,8.4%
Multi-Family,2016 Q4,All,2022 Q3,Richmond - VA - Northside,Richmond City,$747,7.1%
Multi-Family,2017 Q1,All,2022 Q3,Richmond - VA - Northside,Richmond City,$751,8.0%
Multi-Family,2017 Q2,All,2022 Q3,Richmond - VA - Northside,Richmond City,$756,7.4%
Multi-Family,2017 Q3,All,2022 Q3,Richmond - VA - Northside,Richmond City,$754,5.1%
Multi-Family,2017 Q4,All,2022 Q3,Richmond - VA - Northside,Richmond City,$753,6.7%
Multi-Family,2018 Q1,All,2022 Q3,Richmond - VA - Northside,Richmond City,$761,9.1%
Multi-Family,2018 Q2,All,2022 Q3,Richmond - VA - Northside,Richmond City,$764,12.3%
Multi-Family,2018 Q3,All,2022 Q3,Richmond - VA - Northside,Richmond City,$767,15.1%
Multi-Family,2018 Q4,All,2022 Q3,Richmond - VA - Northside,Richmond City,$766,18.0%
Multi-Family,2019 Q1,All,2022 Q3,Richmond - VA - Northside,Richmond City,$775,20.0%
Multi-Family,2019 Q2,All,2022 Q3,Richmond - VA - Northside,Richmond City,$786,25.3%
Multi-Family,2019 Q3,All,2022 Q3,Richmond - VA - Northside,Richmond City,$798,30.7%
Multi-Family,2019 Q4,All,2022 Q3,Richmond - VA - Northside,Richmond City,$814,27.7%
Multi-Family,2020 Q1,All,2022 Q3,Richmond - VA - Northside,Richmond City,$836,23.9%
Multi-Family,2020 Q2,All,2022 Q3,Richmond - VA - Northside,Richmond City,$840,20.8%
Multi-Family,2020 Q3,All,2022 Q3,Richmond - VA - Northside,Richmond City,$886,15.2%
Multi-Family,2020 Q4,All,2022 Q3,Richmond - VA - Northside,Richmond City,$895,11.9%
Multi-Family,2021 Q1,All,2022 Q3,Richmond - VA - Northside,Richmond City,$918,9.0%
Multi-Family,2021 Q2,All,2022 Q3,Richmond - VA - Northside,Richmond City,$934,6.8%
Multi-Family,2021 Q3,All,2022 Q3,Richmond - VA - Northside,Richmond City,$941,4.7%
Multi-Family,2021 Q4,All,2022 Q3,Richmond - VA - Northside,Richmond City,$934,4.7%
Multi-Family,2022 Q1,All,2022 Q3,Richmond - VA - Northside,Richmond City,"$1,010",3.4%
Multi-Family,2022 Q2,All,2022 Q3,Richmond - VA - Northside,Richmond City,"$1,037",3.0%
Multi-Family,2022 Q3,All,2022 Q3,Richmond - VA - Northside,Richmond City,"$1,045",3.1%
Multi-Family,2000 Q1,All,2022 Q3,Richmond - VA - Powhatan County,Powhatan County,,3.5%
Multi-Family,2000 Q2,All,2022 Q3,Richmond - VA - Powhatan County,Powhatan County,,3.5%
Multi-Family,2000 Q3,All,2022 Q3,Richmond - VA - Powhatan County,Powhatan County,,3.5%
Multi-Family,2000 Q4,All,2022 Q3,Richmond - VA - Powhatan County,Powhatan County,,3.7%
Multi-Family,2001 Q1,All,2022 Q3,Richmond - VA - Powhatan County,Powhatan County,,3.9%
Multi-Family,2001 Q2,All,2022 Q3,Richmond - VA - Powhatan County,Powhatan County,,4.2%
Multi-Family,2001 Q3,All,2022 Q3,Richmond - VA - Powhatan County,Powhatan County,,4.3%
Multi-Family,2001 Q4,All,2022 Q3,Richmond - VA - Powhatan County,Powhatan County,,4.4%
Multi-Family,2002 Q1,All,2022 Q3,Richmond - VA - Powhatan County,Powhatan County,,4.4%
Multi-Family,2002 Q2,All,2022 Q3,Richmond - VA - Powhatan County,Powhatan County,,4.5%
Multi-Family,2002 Q3,All,2022 Q3,Richmond - VA - Powhatan County,Powhatan County,,4.7%
Multi-Family,2002 Q4,All,2022 Q3,Richmond - VA - Powhatan County,Powhatan County,,5.0%
Multi-Family,2003 Q1,All,2022 Q3,Richmond - VA - Powhatan County,Powhatan County,,5.4%
Multi-Family,2003 Q2,All,2022 Q3,Richmond - VA - Powhatan County,Powhatan County,,5.8%
Multi-Family,2003 Q3,All,2022 Q3,Richmond - VA - Powhatan County,Powhatan County,,6.2%
Multi-Family,2003 Q4,All,2022 Q3,Richmond - VA - Powhatan County,Powhatan County,,6.5%
Multi-Family,2004 Q1,All,2022 Q3,Richmond - VA - Powhatan County,Powhatan County,,6.8%
Multi-Family,2004 Q2,All,2022 Q3,Richmond - VA - Powhatan County,Powhatan County,,6.9%
Multi-Family,2004 Q3,All,2022 Q3,Richmond - VA - Powhatan County,Powhatan County,,6.9%
Multi-Family,2004 Q4,All,2022 Q3,Richmond - VA - Powhatan County,Powhatan County,,6.9%
Multi-Family,2005 Q1,All,2022 Q3,Richmond - VA - Powhatan County,Powhatan County,,6.8%
Multi-Family,2005 Q2,All,2022 Q3,Richmond - VA - Powhatan County,Powhatan County,,6.8%
Multi-Family,2005 Q3,All,2022 Q3,Richmond - VA - Powhatan County,Powhatan County,,6.7%
Multi-Family,2005 Q4,All,2022 Q3,Richmond - VA - Powhatan County,Powhatan County,,6.6%
Multi-Family,2006 Q1,All,2022 Q3,Richmond - VA - Powhatan County,Powhatan County,,6.4%
Multi-Family,2006 Q2,All,2022 Q3,Richmond - VA - Powhatan County,Powhatan County,,6.1%
Multi-Family,2006 Q3,All,2022 Q3,Richmond - VA - Powhatan County,Powhatan County,,5.8%
Multi-Family,2006 Q4,All,2022 Q3,Richmond - VA - Powhatan County,Powhatan County,,5.6%
Multi-Family,2007 Q1,All,2022 Q3,Richmond - VA - Powhatan County,Powhatan County,,5.4%
Multi-Family,2007 Q2,All,2022 Q3,Richmond - VA - Powhatan County,Powhatan County,,5.3%
Multi-Family,2007 Q3,All,2022 Q3,Richmond - VA - Powhatan County,Powhatan County,,5.3%
Multi-Family,2007 Q4,All,2022 Q3,Richmond - VA - Powhatan County,Powhatan County,,5.3%
Multi-Family,2008 Q1,All,2022 Q3,Richmond - VA - Powhatan County,Powhatan County,,5.4%
Multi-Family,2008 Q2,All,2022 Q3,Richmond - VA - Powhatan County,Powhatan County,,5.5%
Multi-Family,2008 Q3,All,2022 Q3,Richmond - VA - Powhatan County,Powhatan County,,5.5%
Multi-Family,2008 Q4,All,2022 Q3,Richmond - VA - Powhatan County,Powhatan County,,5.5%
Multi-Family,2009 Q1,All,2022 Q3,Richmond - VA - Powhatan County,Powhatan County,,5.5%
Multi-Family,2009 Q2,All,2022 Q3,Richmond - VA - Powhatan County,Powhatan County,,5.4%
Multi-Family,2009 Q3,All,2022 Q3,Richmond - VA - Powhatan County,Powhatan County,,5.4%
Multi-Family,2009 Q4,All,2022 Q3,Richmond - VA - Powhatan County,Powhatan County,,5.5%
Multi-Family,2010 Q1,All,2022 Q3,Richmond - VA - Powhatan County,Powhatan County,,5.7%
Multi-Family,2010 Q2,All,2022 Q3,Richmond - VA - Powhatan County,Powhatan County,,5.9%
Multi-Family,2010 Q3,All,2022 Q3,Richmond - VA - Powhatan County,Powhatan County,,6.2%
Multi-Family,2010 Q4,All,2022 Q3,Richmond - VA - Powhatan County,Powhatan County,,6.5%
Multi-Family,2011 Q1,All,2022 Q3,Richmond - VA - Powhatan County,Powhatan County,,6.7%
Multi-Family,2011 Q2,All,2022 Q3,Richmond - VA - Powhatan County,Powhatan County,,6.9%
Multi-Family,2011 Q3,All,2022 Q3,Richmond - VA - Powhatan County,Powhatan County,,7.0%
Multi-Family,2011 Q4,All,2022 Q3,Richmond - VA - Powhatan County,Powhatan County,,7.0%
Multi-Family,2012 Q1,All,2022 Q3,Richmond - VA - Powhatan County,Powhatan County,,7.1%
Multi-Family,2012 Q2,All,2022 Q3,Richmond - VA - Powhatan County,Powhatan County,,7.1%
Multi-Family,2012 Q3,All,2022 Q3,Richmond - VA - Powhatan County,Powhatan County,,7.2%
Multi-Family,2012 Q4,All,2022 Q3,Richmond - VA - Powhatan County,Powhatan County,,7.2%
Multi-Family,2013 Q1,All,2022 Q3,Richmond - VA - Powhatan County,Powhatan County,,7.1%
Multi-Family,2013 Q2,All,2022 Q3,Richmond - VA - Powhatan County,Powhatan County,,7.1%
Multi-Family,2013 Q3,All,2022 Q3,Richmond - VA - Powhatan County,Powhatan County,,7.0%
Multi-Family,2013 Q4,All,2022 Q3,Richmond - VA - Powhatan County,Powhatan County,,6.9%
Multi-Family,2014 Q1,All,2022 Q3,Richmond - VA - Powhatan County,Powhatan County,,6.8%
Multi-Family,2014 Q2,All,2022 Q3,Richmond - VA - Powhatan County,Powhatan County,,6.8%
Multi-Family,2014 Q3,All,2022 Q3,Richmond - VA - Powhatan County,Powhatan County,,6.7%
Multi-Family,2014 Q4,All,2022 Q3,Richmond - VA - Powhatan County,Powhatan County,,6.8%
Multi-Family,2015 Q1,All,2022 Q3,Richmond - VA - Powhatan County,Powhatan County,,6.8%
Multi-Family,2015 Q2,All,2022 Q3,Richmond - VA - Powhatan County,Powhatan County,,6.5%
Multi-Family,2015 Q3,All,2022 Q3,Richmond - VA - Powhatan County,Powhatan County,,6.3%
Multi-Family,2015 Q4,All,2022 Q3,Richmond - VA - Powhatan County,Powhatan County,,6.2%
Multi-Family,2016 Q1,All,2022 Q3,Richmond - VA - Powhatan County,Powhatan County,,6.0%
Multi-Family,2016 Q2,All,2022 Q3,Richmond - VA - Powhatan County,Powhatan County,,5.7%
Multi-Family,2016 Q3,All,2022 Q3,Richmond - VA - Powhatan County,Powhatan County,,5.9%
Multi-Family,2016 Q4,All,2022 Q3,Richmond - VA - Powhatan County,Powhatan County,,5.9%
Multi-Family,2017 Q1,All,2022 Q3,Richmond - VA - Powhatan County,Powhatan County,,5.7%
Multi-Family,2017 Q2,All,2022 Q3,Richmond - VA - Powhatan County,Powhatan County,,5.7%
Multi-Family,2017 Q3,All,2022 Q3,Richmond - VA - Powhatan County,Powhatan County,,5.6%
Multi-Family,2017 Q4,All,2022 Q3,Richmond - VA - Powhatan County,Powhatan County,,6.0%
Multi-Family,2018 Q1,All,2022 Q3,Richmond - VA - Powhatan County,Powhatan County,,5.7%
Multi-Family,2018 Q2,All,2022 Q3,Richmond - VA - Powhatan County,Powhatan County,,5.3%
Multi-Family,2018 Q3,All,2022 Q3,Richmond - VA - Powhatan County,Powhatan County,,5.3%
Multi-Family,2018 Q4,All,2022 Q3,Richmond - VA - Powhatan County,Powhatan County,,5.6%
Multi-Family,2019 Q1,All,2022 Q3,Richmond - VA - Powhatan County,Powhatan County,,5.2%
Multi-Family,2019 Q2,All,2022 Q3,Richmond - VA - Powhatan County,Powhatan County,,5.1%
Multi-Family,2019 Q3,All,2022 Q3,Richmond - VA - Powhatan County,Powhatan County,,5.2%
Multi-Family,2019 Q4,All,2022 Q3,Richmond - VA - Powhatan County,Powhatan County,,5.5%
Multi-Family,2020 Q1,All,2022 Q3,Richmond - VA - Powhatan County,Powhatan County,,5.2%
Multi-Family,2020 Q2,All,2022 Q3,Richmond - VA - Powhatan County,Powhatan County,,5.1%
Multi-Family,2020 Q3,All,2022 Q3,Richmond - VA - Powhatan County,Powhatan County,,5.2%
Multi-Family,2020 Q4,All,2022 Q3,Richmond - VA - Powhatan County,Powhatan County,,5.2%
Multi-Family,2021 Q1,All,2022 Q3,Richmond - VA - Powhatan County,Powhatan County,,4.5%
Multi-Family,2021 Q2,All,2022 Q3,Richmond - VA - Powhatan County,Powhatan County,,4.0%
Multi-Family,2021 Q3,All,2022 Q3,Richmond - VA - Powhatan County,Powhatan County,,3.8%
Multi-Family,2021 Q4,All,2022 Q3,Richmond - VA - Powhatan County,Powhatan County,,3.6%
Multi-Family,2022 Q1,All,2022 Q3,Richmond - VA - Powhatan County,Powhatan County,,3.8%
Multi-Family,2022 Q2,All,2022 Q3,Richmond - VA - Powhatan County,Powhatan County,,3.9%
Multi-Family,2022 Q3,All,2022 Q3,Richmond - VA - Powhatan County,Powhatan County,,4.0%
Multi-Family,2000 Q1,All,2022 Q3,Richmond - VA - South Richmond ,Richmond City,$715,4.0%
Multi-Family,2000 Q2,All,2022 Q3,Richmond - VA - South Richmond ,Richmond City,$721,3.8%
Multi-Family,2000 Q3,All,2022 Q3,Richmond - VA - South Richmond ,Richmond City,$727,3.8%
Multi-Family,2000 Q4,All,2022 Q3,Richmond - VA - South Richmond ,Richmond City,$731,4.0%
Multi-Family,2001 Q1,All,2022 Q3,Richmond - VA - South Richmond ,Richmond City,$738,4.3%
Multi-Family,2001 Q2,All,2022 Q3,Richmond - VA - South Richmond ,Richmond City,$755,4.7%
Multi-Family,2001 Q3,All,2022 Q3,Richmond - VA - South Richmond ,Richmond City,$771,4.9%
Multi-Family,2001 Q4,All,2022 Q3,Richmond - VA - South Richmond ,Richmond City,$792,4.9%
Multi-Family,2002 Q1,All,2022 Q3,Richmond - VA - South Richmond ,Richmond City,$799,4.7%
Multi-Family,2002 Q2,All,2022 Q3,Richmond - VA - South Richmond ,Richmond City,$794,4.7%
Multi-Family,2002 Q3,All,2022 Q3,Richmond - VA - South Richmond ,Richmond City,$783,4.9%
Multi-Family,2002 Q4,All,2022 Q3,Richmond - VA - South Richmond ,Richmond City,$788,5.3%
Multi-Family,2003 Q1,All,2022 Q3,Richmond - VA - South Richmond ,Richmond City,$787,5.9%
Multi-Family,2003 Q2,All,2022 Q3,Richmond - VA - South Richmond ,Richmond City,$784,6.4%
Multi-Family,2003 Q3,All,2022 Q3,Richmond - VA - South Richmond ,Richmond City,$778,6.9%
Multi-Family,2003 Q4,All,2022 Q3,Richmond - VA - South Richmond ,Richmond City,$770,7.3%
Multi-Family,2004 Q1,All,2022 Q3,Richmond - VA - South Richmond ,Richmond City,$769,7.5%
Multi-Family,2004 Q2,All,2022 Q3,Richmond - VA - South Richmond ,Richmond City,$779,7.6%
Multi-Family,2004 Q3,All,2022 Q3,Richmond - VA - South Richmond ,Richmond City,$785,7.5%
Multi-Family,2004 Q4,All,2022 Q3,Richmond - VA - South Richmond ,Richmond City,$781,7.3%
Multi-Family,2005 Q1,All,2022 Q3,Richmond - VA - South Richmond ,Richmond City,$780,7.1%
Multi-Family,2005 Q2,All,2022 Q3,Richmond - VA - South Richmond ,Richmond City,$788,7.2%
Multi-Family,2005 Q3,All,2022 Q3,Richmond - VA - South Richmond ,Richmond City,$794,7.3%
Multi-Family,2005 Q4,All,2022 Q3,Richmond - VA - South Richmond ,Richmond City,$795,8.5%
Multi-Family,2006 Q1,All,2022 Q3,Richmond - VA - South Richmond ,Richmond City,$803,7.9%
Multi-Family,2006 Q2,All,2022 Q3,Richmond - VA - South Richmond ,Richmond City,$818,7.4%
Multi-Family,2006 Q3,All,2022 Q3,Richmond - VA - South Richmond ,Richmond City,$827,6.9%
Multi-Family,2006 Q4,All,2022 Q3,Richmond - VA - South Richmond ,Richmond City,$830,6.5%
Multi-Family,2007 Q1,All,2022 Q3,Richmond - VA - South Richmond ,Richmond City,$837,7.1%
Multi-Family,2007 Q2,All,2022 Q3,Richmond - VA - South Richmond ,Richmond City,$846,6.6%
Multi-Family,2007 Q3,All,2022 Q3,Richmond - VA - South Richmond ,Richmond City,$849,6.4%
Multi-Family,2007 Q4,All,2022 Q3,Richmond - VA - South Richmond ,Richmond City,$847,6.2%
Multi-Family,2008 Q1,All,2022 Q3,Richmond - VA - South Richmond ,Richmond City,$849,6.2%
Multi-Family,2008 Q2,All,2022 Q3,Richmond - VA - South Richmond ,Richmond City,$854,6.2%
Multi-Family,2008 Q3,All,2022 Q3,Richmond - VA - South Richmond ,Richmond City,$853,6.2%
Multi-Family,2008 Q4,All,2022 Q3,Richmond - VA - South Richmond ,Richmond City,$846,6.2%
Multi-Family,2009 Q1,All,2022 Q3,Richmond - VA - South Richmond ,Richmond City,$839,7.1%
Multi-Family,2009 Q2,All,2022 Q3,Richmond - VA - South Richmond ,Richmond City,$844,6.6%
Multi-Family,2009 Q3,All,2022 Q3,Richmond - VA - South Richmond ,Richmond City,$845,6.3%
Multi-Family,2009 Q4,All,2022 Q3,Richmond - VA - South Richmond ,Richmond City,$838,6.2%
Multi-Family,2010 Q1,All,2022 Q3,Richmond - VA - South Richmond ,Richmond City,$839,6.3%
Multi-Family,2010 Q2,All,2022 Q3,Richmond - VA - South Richmond ,Richmond City,$846,6.6%
Multi-Family,2010 Q3,All,2022 Q3,Richmond - VA - South Richmond ,Richmond City,$844,6.9%
Multi-Family,2010 Q4,All,2022 Q3,Richmond - VA - South Richmond ,Richmond City,$826,7.3%
Multi-Family,2011 Q1,All,2022 Q3,Richmond - VA - South Richmond ,Richmond City,$820,7.8%
Multi-Family,2011 Q2,All,2022 Q3,Richmond - VA - South Richmond ,Richmond City,$821,7.8%
Multi-Family,2011 Q3,All,2022 Q3,Richmond - VA - South Richmond ,Richmond City,$823,7.8%
Multi-Family,2011 Q4,All,2022 Q3,Richmond - VA - South Richmond ,Richmond City,$825,7.8%
Multi-Family,2012 Q1,All,2022 Q3,Richmond - VA - South Richmond ,Richmond City,$827,9.1%
Multi-Family,2012 Q2,All,2022 Q3,Richmond - VA - South Richmond ,Richmond City,$830,9.2%
Multi-Family,2012 Q3,All,2022 Q3,Richmond - VA - South Richmond ,Richmond City,$833,9.2%
Multi-Family,2012 Q4,All,2022 Q3,Richmond - VA - South Richmond ,Richmond City,$838,9.2%
Multi-Family,2013 Q1,All,2022 Q3,Richmond - VA - South Richmond ,Richmond City,$840,9.1%
Multi-Family,2013 Q2,All,2022 Q3,Richmond - VA - South Richmond ,Richmond City,$843,8.6%
Multi-Family,2013 Q3,All,2022 Q3,Richmond - VA - South Richmond ,Richmond City,$848,7.9%
Multi-Family,2013 Q4,All,2022 Q3,Richmond - VA - South Richmond ,Richmond City,$850,7.5%
Multi-Family,2014 Q1,All,2022 Q3,Richmond - VA - South Richmond ,Richmond City,$854,7.7%
Multi-Family,2014 Q2,All,2022 Q3,Richmond - VA - South Richmond ,Richmond City,$860,7.6%
Multi-Family,2014 Q3,All,2022 Q3,Richmond - VA - South Richmond ,Richmond City,$865,8.0%
Multi-Family,2014 Q4,All,2022 Q3,Richmond - VA - South Richmond ,Richmond City,$871,7.6%
Multi-Family,2015 Q1,All,2022 Q3,Richmond - VA - South Richmond ,Richmond City,$880,7.0%
Multi-Family,2015 Q2,All,2022 Q3,Richmond - VA - South Richmond ,Richmond City,$888,7.4%
Multi-Family,2015 Q3,All,2022 Q3,Richmond - VA - South Richmond ,Richmond City,$893,7.0%
Multi-Family,2015 Q4,All,2022 Q3,Richmond - VA - South Richmond ,Richmond City,$897,6.9%
Multi-Family,2016 Q1,All,2022 Q3,Richmond - VA - South Richmond ,Richmond City,$912,7.3%
Multi-Family,2016 Q2,All,2022 Q3,Richmond - VA - South Richmond ,Richmond City,$915,7.6%
Multi-Family,2016 Q3,All,2022 Q3,Richmond - VA - South Richmond ,Richmond City,$916,7.6%
Multi-Family,2016 Q4,All,2022 Q3,Richmond - VA - South Richmond ,Richmond City,$915,8.4%
Multi-Family,2017 Q1,All,2022 Q3,Richmond - VA - South Richmond ,Richmond City,$930,8.0%
Multi-Family,2017 Q2,All,2022 Q3,Richmond - VA - South Richmond ,Richmond City,$940,7.0%
Multi-Family,2017 Q3,All,2022 Q3,Richmond - VA - South Richmond ,Richmond City,$946,6.3%
Multi-Family,2017 Q4,All,2022 Q3,Richmond - VA - South Richmond ,Richmond City,$948,7.2%
Multi-Family,2018 Q1,All,2022 Q3,Richmond - VA - South Richmond ,Richmond City,$973,7.0%
Multi-Family,2018 Q2,All,2022 Q3,Richmond - VA - South Richmond ,Richmond City,$988,6.1%
Multi-Family,2018 Q3,All,2022 Q3,Richmond - VA - South Richmond ,Richmond City,$987,6.4%
Multi-Family,2018 Q4,All,2022 Q3,Richmond - VA - South Richmond ,Richmond City,$992,6.4%
Multi-Family,2019 Q1,All,2022 Q3,Richmond - VA - South Richmond ,Richmond City,"$1,012",6.0%
Multi-Family,2019 Q2,All,2022 Q3,Richmond - VA - South Richmond ,Richmond City,"$1,023",5.4%
Multi-Family,2019 Q3,All,2022 Q3,Richmond - VA - South Richmond ,Richmond City,"$1,022",6.1%
Multi-Family,2019 Q4,All,2022 Q3,Richmond - VA - South Richmond ,Richmond City,"$1,024",6.2%
Multi-Family,2020 Q1,All,2022 Q3,Richmond - VA - South Richmond ,Richmond City,"$1,032",6.6%
Multi-Family,2020 Q2,All,2022 Q3,Richmond - VA - South Richmond ,Richmond City,"$1,048",5.4%
Multi-Family,2020 Q3,All,2022 Q3,Richmond - VA - South Richmond ,Richmond City,"$1,059",4.9%
Multi-Family,2020 Q4,All,2022 Q3,Richmond - VA - South Richmond ,Richmond City,"$1,070",4.9%
Multi-Family,2021 Q1,All,2022 Q3,Richmond - VA - South Richmond ,Richmond City,"$1,088",5.8%
Multi-Family,2021 Q2,All,2022 Q3,Richmond - VA - South Richmond ,Richmond City,"$1,133",6.1%
Multi-Family,2021 Q3,All,2022 Q3,Richmond - VA - South Richmond ,Richmond City,"$1,178",4.4%
Multi-Family,2021 Q4,All,2022 Q3,Richmond - VA - South Richmond ,Richmond City,"$1,179",5.6%
Multi-Family,2022 Q1,All,2022 Q3,Richmond - VA - South Richmond ,Richmond City,"$1,237",5.0%
Multi-Family,2022 Q2,All,2022 Q3,Richmond - VA - South Richmond ,Richmond City,"$1,247",4.8%
Multi-Family,2022 Q3,All,2022 Q3,Richmond - VA - South Richmond ,Richmond City,"$1,268",5.3%
Multi-Family,2000 Q1,All,2022 Q3,Richmond - VA - West End,Richmond City,$987,0.6%
Multi-Family,2000 Q2,All,2022 Q3,Richmond - VA - West End,Richmond City,$995,0.6%
Multi-Family,2000 Q3,All,2022 Q3,Richmond - VA - West End,Richmond City,"$1,003",0.6%
Multi-Family,2000 Q4,All,2022 Q3,Richmond - VA - West End,Richmond City,"$1,008",0.6%
Multi-Family,2001 Q1,All,2022 Q3,Richmond - VA - West End,Richmond City,"$1,011",0.7%
Multi-Family,2001 Q2,All,2022 Q3,Richmond - VA - West End,Richmond City,"$1,024",0.9%
Multi-Family,2001 Q3,All,2022 Q3,Richmond - VA - West End,Richmond City,"$1,040",1.0%
Multi-Family,2001 Q4,All,2022 Q3,Richmond - VA - West End,Richmond City,"$1,052",1.0%
Multi-Family,2002 Q1,All,2022 Q3,Richmond - VA - West End,Richmond City,"$1,045",0.9%
Multi-Family,2002 Q2,All,2022 Q3,Richmond - VA - West End,Richmond City,"$1,046",0.9%
Multi-Family,2002 Q3,All,2022 Q3,Richmond - VA - West End,Richmond City,"$1,046",1.0%
Multi-Family,2002 Q4,All,2022 Q3,Richmond - VA - West End,Richmond City,"$1,054",1.2%
Multi-Family,2003 Q1,All,2022 Q3,Richmond - VA - West End,Richmond City,"$1,067",1.5%
Multi-Family,2003 Q2,All,2022 Q3,Richmond - VA - West End,Richmond City,"$1,072",1.8%
Multi-Family,2003 Q3,All,2022 Q3,Richmond - VA - West End,Richmond City,"$1,059",2.1%
Multi-Family,2003 Q4,All,2022 Q3,Richmond - VA - West End,Richmond City,"$1,058",2.3%
Multi-Family,2004 Q1,All,2022 Q3,Richmond - VA - West End,Richmond City,"$1,068",2.5%
Multi-Family,2004 Q2,All,2022 Q3,Richmond - VA - West End,Richmond City,"$1,077",2.6%
Multi-Family,2004 Q3,All,2022 Q3,Richmond - VA - West End,Richmond City,"$1,079",2.6%
Multi-Family,2004 Q4,All,2022 Q3,Richmond - VA - West End,Richmond City,"$1,079",2.5%
Multi-Family,2005 Q1,All,2022 Q3,Richmond - VA - West End,Richmond City,"$1,087",2.4%
Multi-Family,2005 Q2,All,2022 Q3,Richmond - VA - West End,Richmond City,"$1,097",2.4%
Multi-Family,2005 Q3,All,2022 Q3,Richmond - VA - West End,Richmond City,"$1,101",2.4%
Multi-Family,2005 Q4,All,2022 Q3,Richmond - VA - West End,Richmond City,"$1,101",2.2%
Multi-Family,2006 Q1,All,2022 Q3,Richmond - VA - West End,Richmond City,"$1,112",2.0%
Multi-Family,2006 Q2,All,2022 Q3,Richmond - VA - West End,Richmond City,"$1,130",1.9%
Multi-Family,2006 Q3,All,2022 Q3,Richmond - VA - West End,Richmond City,"$1,140",1.7%
Multi-Family,2006 Q4,All,2022 Q3,Richmond - VA - West End,Richmond City,"$1,144",1.6%
Multi-Family,2007 Q1,All,2022 Q3,Richmond - VA - West End,Richmond City,"$1,155",1.5%
Multi-Family,2007 Q2,All,2022 Q3,Richmond - VA - West End,Richmond City,"$1,171",1.4%
Multi-Family,2007 Q3,All,2022 Q3,Richmond - VA - West End,Richmond City,"$1,178",1.4%
Multi-Family,2007 Q4,All,2022 Q3,Richmond - VA - West End,Richmond City,"$1,181",1.4%
Multi-Family,2008 Q1,All,2022 Q3,Richmond - VA - West End,Richmond City,"$1,190",1.5%
Multi-Family,2008 Q2,All,2022 Q3,Richmond - VA - West End,Richmond City,"$1,208",1.6%
Multi-Family,2008 Q3,All,2022 Q3,Richmond - VA - West End,Richmond City,"$1,222",1.6%
Multi-Family,2008 Q4,All,2022 Q3,Richmond - VA - West End,Richmond City,"$1,216",1.5%
Multi-Family,2009 Q1,All,2022 Q3,Richmond - VA - West End,Richmond City,"$1,208",1.4%
Multi-Family,2009 Q2,All,2022 Q3,Richmond - VA - West End,Richmond City,"$1,219",1.4%
Multi-Family,2009 Q3,All,2022 Q3,Richmond - VA - West End,Richmond City,"$1,225",1.3%
Multi-Family,2009 Q4,All,2022 Q3,Richmond - VA - West End,Richmond City,"$1,220",1.3%
Multi-Family,2010 Q1,All,2022 Q3,Richmond - VA - West End,Richmond City,"$1,219",1.4%
Multi-Family,2010 Q2,All,2022 Q3,Richmond - VA - West End,Richmond City,"$1,216",1.4%
Multi-Family,2010 Q3,All,2022 Q3,Richmond - VA - West End,Richmond City,"$1,203",1.6%
Multi-Family,2010 Q4,All,2022 Q3,Richmond - VA - West End,Richmond City,"$1,190",1.9%
Multi-Family,2011 Q1,All,2022 Q3,Richmond - VA - West End,Richmond City,"$1,189",2.0%
Multi-Family,2011 Q2,All,2022 Q3,Richmond - VA - West End,Richmond City,"$1,191",2.0%
Multi-Family,2011 Q3,All,2022 Q3,Richmond - VA - West End,Richmond City,"$1,194",2.1%
Multi-Family,2011 Q4,All,2022 Q3,Richmond - VA - West End,Richmond City,"$1,197",2.1%
Multi-Family,2012 Q1,All,2022 Q3,Richmond - VA - West End,Richmond City,"$1,200",2.1%
Multi-Family,2012 Q2,All,2022 Q3,Richmond - VA - West End,Richmond City,"$1,199",2.8%
Multi-Family,2012 Q3,All,2022 Q3,Richmond - VA - West End,Richmond City,"$1,196",3.3%
Multi-Family,2012 Q4,All,2022 Q3,Richmond - VA - West End,Richmond City,"$1,197",3.5%
Multi-Family,2013 Q1,All,2022 Q3,Richmond - VA - West End,Richmond City,"$1,204",4.8%
Multi-Family,2013 Q2,All,2022 Q3,Richmond - VA - West End,Richmond City,"$1,223",2.5%
Multi-Family,2013 Q3,All,2022 Q3,Richmond - VA - West End,Richmond City,"$1,230",3.1%
Multi-Family,2013 Q4,All,2022 Q3,Richmond - VA - West End,Richmond City,"$1,240",3.4%
Multi-Family,2014 Q1,All,2022 Q3,Richmond - VA - West End,Richmond City,"$1,250",2.8%
Multi-Family,2014 Q2,All,2022 Q3,Richmond - VA - West End,Richmond City,"$1,276",2.9%
Multi-Family,2014 Q3,All,2022 Q3,Richmond - VA - West End,Richmond City,"$1,283",4.4%
Multi-Family,2014 Q4,All,2022 Q3,Richmond - VA - West End,Richmond City,"$1,283",4.8%
Multi-Family,2015 Q1,All,2022 Q3,Richmond - VA - West End,Richmond City,"$1,290",4.8%
Multi-Family,2015 Q2,All,2022 Q3,Richmond - VA - West End,Richmond City,"$1,310",4.0%
Multi-Family,2015 Q3,All,2022 Q3,Richmond - VA - West End,Richmond City,"$1,322",2.8%
Multi-Family,2015 Q4,All,2022 Q3,Richmond - VA - West End,Richmond City,"$1,325",3.9%
Multi-Family,2016 Q1,All,2022 Q3,Richmond - VA - West End,Richmond City,"$1,328",5.2%
Multi-Family,2016 Q2,All,2022 Q3,Richmond - VA - West End,Richmond City,"$1,355",4.2%
Multi-Family,2016 Q3,All,2022 Q3,Richmond - VA - West End,Richmond City,"$1,340",4.0%
Multi-Family,2016 Q4,All,2022 Q3,Richmond - VA - West End,Richmond City,"$1,323",5.3%
Multi-Family,2017 Q1,All,2022 Q3,Richmond - VA - West End,Richmond City,"$1,333",3.7%
Multi-Family,2017 Q2,All,2022 Q3,Richmond - VA - West End,Richmond City,"$1,359",2.9%
Multi-Family,2017 Q3,All,2022 Q3,Richmond - VA - West End,Richmond City,"$1,341",3.3%
Multi-Family,2017 Q4,All,2022 Q3,Richmond - VA - West End,Richmond City,"$1,346",3.8%
Multi-Family,2018 Q1,All,2022 Q3,Richmond - VA - West End,Richmond City,"$1,392",2.8%
Multi-Family,2018 Q2,All,2022 Q3,Richmond - VA - West End,Richmond City,"$1,383",3.1%
Multi-Family,2018 Q3,All,2022 Q3,Richmond - VA - West End,Richmond City,"$1,355",2.7%
Multi-Family,2018 Q4,All,2022 Q3,Richmond - VA - West End,Richmond City,"$1,339",2.7%
Multi-Family,2019 Q1,All,2022 Q3,Richmond - VA - West End,Richmond City,"$1,395",2.8%
Multi-Family,2019 Q2,All,2022 Q3,Richmond - VA - West End,Richmond City,"$1,419",3.5%
Multi-Family,2019 Q3,All,2022 Q3,Richmond - VA - West End,Richmond City,"$1,371",3.4%
Multi-Family,2019 Q4,All,2022 Q3,Richmond - VA - West End,Richmond City,"$1,365",2.5%
Multi-Family,2020 Q1,All,2022 Q3,Richmond - VA - West End,Richmond City,"$1,406",2.8%
Multi-Family,2020 Q2,All,2022 Q3,Richmond - VA - West End,Richmond City,"$1,405",2.8%
Multi-Family,2020 Q3,All,2022 Q3,Richmond - VA - West End,Richmond City,"$1,399",3.1%
Multi-Family,2020 Q4,All,2022 Q3,Richmond - VA - West End,Richmond City,"$1,426",3.2%
Multi-Family,2021 Q1,All,2022 Q3,Richmond - VA - West End,Richmond City,"$1,443",25.3%
Multi-Family,2021 Q2,All,2022 Q3,Richmond - VA - West End,Richmond City,"$1,531",17.9%
Multi-Family,2021 Q3,All,2022 Q3,Richmond - VA - West End,Richmond City,"$1,454",8.6%
Multi-Family,2021 Q4,All,2022 Q3,Richmond - VA - West End,Richmond City,"$1,497",5.1%
Multi-Family,2022 Q1,All,2022 Q3,Richmond - VA - West End,Richmond City,"$1,563",10.5%
Multi-Family,2022 Q2,All,2022 Q3,Richmond - VA - West End,Richmond City,"$1,619",7.1%
Multi-Family,2022 Q3,All,2022 Q3,Richmond - VA - West End,Richmond City,"$1,611",6.2%
Multi-Family,2000 Q1,All,2022 Q3,Richmond - VA - Western Henrico County,Henrico County,$726,1.8%
Multi-Family,2000 Q2,All,2022 Q3,Richmond - VA - Western Henrico County,Henrico County,$732,1.7%
Multi-Family,2000 Q3,All,2022 Q3,Richmond - VA - Western Henrico County,Henrico County,$738,1.6%
Multi-Family,2000 Q4,All,2022 Q3,Richmond - VA - Western Henrico County,Henrico County,$742,1.8%
Multi-Family,2001 Q1,All,2022 Q3,Richmond - VA - Western Henrico County,Henrico County,$752,2.1%
Multi-Family,2001 Q2,All,2022 Q3,Richmond - VA - Western Henrico County,Henrico County,$761,2.4%
Multi-Family,2001 Q3,All,2022 Q3,Richmond - VA - Western Henrico County,Henrico County,$761,2.5%
Multi-Family,2001 Q4,All,2022 Q3,Richmond - VA - Western Henrico County,Henrico County,$755,2.5%
Multi-Family,2002 Q1,All,2022 Q3,Richmond - VA - Western Henrico County,Henrico County,$758,2.4%
Multi-Family,2002 Q2,All,2022 Q3,Richmond - VA - Western Henrico County,Henrico County,$765,2.4%
Multi-Family,2002 Q3,All,2022 Q3,Richmond - VA - Western Henrico County,Henrico County,$771,2.5%
Multi-Family,2002 Q4,All,2022 Q3,Richmond - VA - Western Henrico County,Henrico County,$770,2.8%
Multi-Family,2003 Q1,All,2022 Q3,Richmond - VA - Western Henrico County,Henrico County,$765,3.3%
Multi-Family,2003 Q2,All,2022 Q3,Richmond - VA - Western Henrico County,Henrico County,$769,3.7%
Multi-Family,2003 Q3,All,2022 Q3,Richmond - VA - Western Henrico County,Henrico County,$774,4.2%
Multi-Family,2003 Q4,All,2022 Q3,Richmond - VA - Western Henrico County,Henrico County,$781,4.6%
Multi-Family,2004 Q1,All,2022 Q3,Richmond - VA - Western Henrico County,Henrico County,$787,4.8%
Multi-Family,2004 Q2,All,2022 Q3,Richmond - VA - Western Henrico County,Henrico County,$792,4.9%
Multi-Family,2004 Q3,All,2022 Q3,Richmond - VA - Western Henrico County,Henrico County,$795,4.8%
Multi-Family,2004 Q4,All,2022 Q3,Richmond - VA - Western Henrico County,Henrico County,$796,5.6%
Multi-Family,2005 Q1,All,2022 Q3,Richmond - VA - Western Henrico County,Henrico County,$802,5.2%
Multi-Family,2005 Q2,All,2022 Q3,Richmond - VA - Western Henrico County,Henrico County,$810,5.1%
Multi-Family,2005 Q3,All,2022 Q3,Richmond - VA - Western Henrico County,Henrico County,$814,5.1%
Multi-Family,2005 Q4,All,2022 Q3,Richmond - VA - Western Henrico County,Henrico County,$816,4.9%
Multi-Family,2006 Q1,All,2022 Q3,Richmond - VA - Western Henrico County,Henrico County,$825,4.7%
Multi-Family,2006 Q2,All,2022 Q3,Richmond - VA - Western Henrico County,Henrico County,$839,4.2%
Multi-Family,2006 Q3,All,2022 Q3,Richmond - VA - Western Henrico County,Henrico County,$847,3.8%
Multi-Family,2006 Q4,All,2022 Q3,Richmond - VA - Western Henrico County,Henrico County,$851,3.6%
Multi-Family,2007 Q1,All,2022 Q3,Richmond - VA - Western Henrico County,Henrico County,$858,3.4%
Multi-Family,2007 Q2,All,2022 Q3,Richmond - VA - Western Henrico County,Henrico County,$868,3.4%
Multi-Family,2007 Q3,All,2022 Q3,Richmond - VA - Western Henrico County,Henrico County,$872,3.4%
Multi-Family,2007 Q4,All,2022 Q3,Richmond - VA - Western Henrico County,Henrico County,$871,3.5%
Multi-Family,2008 Q1,All,2022 Q3,Richmond - VA - Western Henrico County,Henrico County,$874,3.6%
Multi-Family,2008 Q2,All,2022 Q3,Richmond - VA - Western Henrico County,Henrico County,$878,3.7%
Multi-Family,2008 Q3,All,2022 Q3,Richmond - VA - Western Henrico County,Henrico County,$883,3.7%
Multi-Family,2008 Q4,All,2022 Q3,Richmond - VA - Western Henrico County,Henrico County,$884,3.8%
Multi-Family,2009 Q1,All,2022 Q3,Richmond - VA - Western Henrico County,Henrico County,$880,3.7%
Multi-Family,2009 Q2,All,2022 Q3,Richmond - VA - Western Henrico County,Henrico County,$872,3.5%
Multi-Family,2009 Q3,All,2022 Q3,Richmond - VA - Western Henrico County,Henrico County,$872,3.4%
Multi-Family,2009 Q4,All,2022 Q3,Richmond - VA - Western Henrico County,Henrico County,$871,3.4%
Multi-Family,2010 Q1,All,2022 Q3,Richmond - VA - Western Henrico County,Henrico County,$871,3.7%
Multi-Family,2010 Q2,All,2022 Q3,Richmond - VA - Western Henrico County,Henrico County,$877,4.0%
Multi-Family,2010 Q3,All,2022 Q3,Richmond - VA - Western Henrico County,Henrico County,$875,4.4%
Multi-Family,2010 Q4,All,2022 Q3,Richmond - VA - Western Henrico County,Henrico County,$871,4.8%
Multi-Family,2011 Q1,All,2022 Q3,Richmond - VA - Western Henrico County,Henrico County,$871,5.1%
Multi-Family,2011 Q2,All,2022 Q3,Richmond - VA - Western Henrico County,Henrico County,$873,5.2%
Multi-Family,2011 Q3,All,2022 Q3,Richmond - VA - Western Henrico County,Henrico County,$875,5.2%
Multi-Family,2011 Q4,All,2022 Q3,Richmond - VA - Western Henrico County,Henrico County,$878,5.2%
Multi-Family,2012 Q1,All,2022 Q3,Richmond - VA - Western Henrico County,Henrico County,$880,5.3%
Multi-Family,2012 Q2,All,2022 Q3,Richmond - VA - Western Henrico County,Henrico County,$884,5.3%
Multi-Family,2012 Q3,All,2022 Q3,Richmond - VA - Western Henrico County,Henrico County,$887,5.7%
Multi-Family,2012 Q4,All,2022 Q3,Richmond - VA - Western Henrico County,Henrico County,$885,5.6%
Multi-Family,2013 Q1,All,2022 Q3,Richmond - VA - Western Henrico County,Henrico County,$893,5.7%
Multi-Family,2013 Q2,All,2022 Q3,Richmond - VA - Western Henrico County,Henrico County,$908,5.0%
Multi-Family,2013 Q3,All,2022 Q3,Richmond - VA - Western Henrico County,Henrico County,$911,5.6%
Multi-Family,2013 Q4,All,2022 Q3,Richmond - VA - Western Henrico County,Henrico County,$915,5.7%
Multi-Family,2014 Q1,All,2022 Q3,Richmond - VA - Western Henrico County,Henrico County,$921,6.2%
Multi-Family,2014 Q2,All,2022 Q3,Richmond - VA - Western Henrico County,Henrico County,$929,5.9%
Multi-Family,2014 Q3,All,2022 Q3,Richmond - VA - Western Henrico County,Henrico County,$932,6.3%
Multi-Family,2014 Q4,All,2022 Q3,Richmond - VA - Western Henrico County,Henrico County,$939,6.3%
Multi-Family,2015 Q1,All,2022 Q3,Richmond - VA - Western Henrico County,Henrico County,$960,5.3%
Multi-Family,2015 Q2,All,2022 Q3,Richmond - VA - Western Henrico County,Henrico County,$978,4.9%
Multi-Family,2015 Q3,All,2022 Q3,Richmond - VA - Western Henrico County,Henrico County,$979,5.2%
Multi-Family,2015 Q4,All,2022 Q3,Richmond - VA - Western Henrico County,Henrico County,$975,5.3%
Multi-Family,2016 Q1,All,2022 Q3,Richmond - VA - Western Henrico County,Henrico County,"$1,000",5.2%
Multi-Family,2016 Q2,All,2022 Q3,Richmond - VA - Western Henrico County,Henrico County,"$1,016",5.0%
Multi-Family,2016 Q3,All,2022 Q3,Richmond - VA - Western Henrico County,Henrico County,"$1,012",5.4%
Multi-Family,2016 Q4,All,2022 Q3,Richmond - VA - Western Henrico County,Henrico County,"$1,005",5.2%
Multi-Family,2017 Q1,All,2022 Q3,Richmond - VA - Western Henrico County,Henrico County,"$1,038",4.6%
Multi-Family,2017 Q2,All,2022 Q3,Richmond - VA - Western Henrico County,Henrico County,"$1,060",4.3%
Multi-Family,2017 Q3,All,2022 Q3,Richmond - VA - Western Henrico County,Henrico County,"$1,056",4.8%
Multi-Family,2017 Q4,All,2022 Q3,Richmond - VA - Western Henrico County,Henrico County,"$1,068",5.3%
Multi-Family,2018 Q1,All,2022 Q3,Richmond - VA - Western Henrico County,Henrico County,"$1,082",4.6%
Multi-Family,2018 Q2,All,2022 Q3,Richmond - VA - Western Henrico County,Henrico County,"$1,115",4.5%
Multi-Family,2018 Q3,All,2022 Q3,Richmond - VA - Western Henrico County,Henrico County,"$1,113",5.1%
Multi-Family,2018 Q4,All,2022 Q3,Richmond - VA - Western Henrico County,Henrico County,"$1,124",6.6%
Multi-Family,2019 Q1,All,2022 Q3,Richmond - VA - Western Henrico County,Henrico County,"$1,146",6.0%
Multi-Family,2019 Q2,All,2022 Q3,Richmond - VA - Western Henrico County,Henrico County,"$1,176",5.4%
Multi-Family,2019 Q3,All,2022 Q3,Richmond - VA - Western Henrico County,Henrico County,"$1,151",5.3%
Multi-Family,2019 Q4,All,2022 Q3,Richmond - VA - Western Henrico County,Henrico County,"$1,156",5.7%
Multi-Family,2020 Q1,All,2022 Q3,Richmond - VA - Western Henrico County,Henrico County,"$1,174",5.6%
Multi-Family,2020 Q2,All,2022 Q3,Richmond - VA - Western Henrico County,Henrico County,"$1,204",5.6%
Multi-Family,2020 Q3,All,2022 Q3,Richmond - VA - Western Henrico County,Henrico County,"$1,226",5.4%
Multi-Family,2020 Q4,All,2022 Q3,Richmond - VA - Western Henrico County,Henrico County,"$1,239",5.3%
Multi-Family,2021 Q1,All,2022 Q3,Richmond - VA - Western Henrico County,Henrico County,"$1,283",4.5%
Multi-Family,2021 Q2,All,2022 Q3,Richmond - VA - Western Henrico County,Henrico County,"$1,360",4.3%
Multi-Family,2021 Q3,All,2022 Q3,Richmond - VA - Western Henrico County,Henrico County,"$1,408",3.8%
Multi-Family,2021 Q4,All,2022 Q3,Richmond - VA - Western Henrico County,Henrico County,"$1,423",4.8%
Multi-Family,2022 Q1,All,2022 Q3,Richmond - VA - Western Henrico County,Henrico County,"$1,485",5.8%
Multi-Family,2022 Q2,All,2022 Q3,Richmond - VA - Western Henrico County,Henrico County,"$1,522",6.3%
Multi-Family,2022 Q3,All,2022 Q3,Richmond - VA - Western Henrico County,Henrico County,"$1,527",5.8%
